l5TUbzeWJ3Y5,0.5471293279954718
wrCJ0vrCrn5S5C,0.3167574210521114
_UqnfSjiEX,0.6667957407786406
o96a5AxEzogl8p,0.2845975011579541
dX2JIpS5Wjevq,0.712040253211385
rJfaWxNGeU,0.32411340313839077
kBszzoYUVMl,0.6137169164725094
p4YAU5efy,0.34828835826890103
m_7_ghXxwtnJ,0.7029401052563198
r6BNc5VJDHLco8D,0.33924178991174375
eKzjEwUj0h,0.5104670755615014
pU4SxhlN6,0.37699137568197
hFAPzG5Bmiz,0.6556688854355505
nxLPgTw2lg,0.2793610094494392
bnAa0F2Y5VRG4,0.4912209011818734
g336FaT2YhXw,0.36587694191201076
Ro3m1WbZfOyGi,0.6155852522303694
iQAEvwou6mB,0.358548496967742
oqg9mdTD9WnS,0.5133524629401504
k2dEdXL,0.2631976283154417
tKjCAHusd9,0.48358165588652985
v5Ct2qy5iTwzgeM,0.3622396448947875
folDdnr,0.5679829059413813
wykBSRFBt,0.35419886318321625
xRmLtYAYJ5,0.6149005179159112
u98bUzGHLXgXO4S,0.4939658144915132
mIS9QmnxTykHnkS,0.6403109274060482
lcbgxhwH,0.5000300701218238
sCMvPIvmtBW3,0.6921603337887403
jyzUXkRYN,0.3870287720013993
7_kg7BsyyTy8,0.5453493528297696
r5KBXKHgz4A,0.4050251191792576
ntPzsU7V,0.5797980905982272
tXiQomcH64W3,0.3548056897433981
b8QbCYl,0.6152493926451345
hzOAn1MqNd,0.3129845859094328
pCMjram,0.6897209122353344
jNrMqx8XNTHm5K,0.24917929458724422
n4FRyH4lcbEiHVM,0.6192486664240509
bLGuM9uvR3Ogqo4,0.48085658783096374
jw09IIGPHPy,0.5525577647672021
k0eeWvWBD,0.26093579129985567
fo9U2QjN2t,0.6607966622497391
vuXgijpIg,0.4123588025751122
fmT904TjDcsE,0.6695231060745211
rQInjjREosu,0.35198974414846496
w_JvQuPvO6_Goqs,0.7300981054308117
iLzKpKGGrSvlh,0.30297802799902007
l7AyNLcqXS85hCp,0.6731228361293329
wizae58MiTmGe,0.47861406941622664
qtQmgAdMbsnDNB,0.5929351397930781
lYUYC0uJF19Ka,0.4063148546544699
nWfN7yBL9vY,0.4958546363592941
qhV6DmemqXKprwU,0.33536403713195134
nINcNi304N,0.5512805183377884
tNkY83vbE,0.29419634183274945
sLwlzEVoQ2fv,0.4797026076249886
meYmBMa,0.40646596057881146
jtyblBelXcgIT85,0.5672671175978902
bwYxTvd6pj,0.30410055452695595
xAb8zbMHstS,0.4405990820763546
eHGzDKHpMI,0.3027422050693728
dnzfDT5wY1k5o8,0.6800706448879982
o4d_ZMCaPR669,0.28108159812579314
kxjmGxSdj3tHi,0.6520781178891201
dfHWc2_qwC3NDCK,0.34052391048706854
uJN3VC,0.7049466928995592
ddpLPfmBUhE8,0.3157674603247556
fzeWu51Q4QuVTla,0.4881799909241941
fvSIo2aurRj,0.32996416646318855
pyX35IIVQv,0.7509497288857163
dQVB6A9h0_KryR,0.4661436591712128
r7Vy_BthlVa,0.5886515286527628
g9_OxarnRqOAUn,0.3902399967378511
ggTTeHtNw,0.6879904585960427
vl0z1u62IL7Ncl,0.41311598378421177
cMTZSE9okk6j,0.6997099020460013
cVMSpkU44YuFaiO,0.3033417903167007
eXJsfS4am8,0.6997293200308459
fK2wqVJGT54gvuS,0.4338696345195656
g_7Cf1tdhiKEw,0.48601350722358916
ijar9VeLK4,0.441075037605295
pUprG6dM1MR28N,0.6977525399252323
cD1ky1p0WKII,0.22207532719027612
lidbdt,0.5920891695142189
hZJVerES,0.33020504602822637
hCX3ND,0.5395924503025131
brLupKkBSjAvYfj,0.362087838237928
bAkRNyg7Fceb,0.7385381242325866
hfchSKPX25emwy,0.3359984100811913
v3nE3bWaUq,0.6153078224573976
hAYtV3a,0.4995390907319396
kjBLh4vEyTTkaJI,0.537952677154757
h6uymsrX6mbFlh,0.3621531177012785
ioY8SXeZ4O,0.5517183623357987
gs0oICfYwquGoVz,0.2776005747322063
JYCWB2ej5lrw,0.6214036863333122
f5ndxWrZKIE,0.5019563887859788
k2A8t8IGuXAQg,0.6826210363758309
wVyVdyXBJi1s,0.40112181034314404
rvmqAcBd6rBPmv,0.4917732621640979
rqH6uvD9RGX,0.34649926133481557
efcONMPzgk9hV_z,0.6179742541524328
szH3rmr6ysC,0.38226985372751277
oe2Lc97,0.6312769688459043
dMRTIPTVKC0FRR,0.33619546727985
p7eTalN7koz,0.5436976802743252
fFRVeo1I,0.48171988637415114
dFJ7PnU,0.5306486325992311
oHuBNnwz,0.4126744914285268
nhcJCpQck,0.591525292891416
jpA80RCT8ljL9e,0.2777460759459989
j33ihpdbJfzq,0.5115935462764599
gdcPCRZS1KRaNEl,0.44564716263996246
jKh48a2sGpRjq9w,0.7251399812231084
dybfWfXJkjMWp6m,0.3510808872862464
mb87K0Eu,0.5961631723585147
cHVnuIJXPd3,0.4771811340721994
vCHJ0rxd67g4n,0.7521496031199898
x5SMTJGkkeDi,0.3785509312575178
wnkxDbh7vs,0.5296097921695025
xyYqXBEp0k,0.3538549600206853
cKpMlHgzd5JF,0.4757843616889263
cAX9NIcworqhMwk,0.41039732095465203
neXKBk6SLTROsGY,0.5345869277931444
l4LbQ_rAPqo2wp,0.36156335679823165
leAuT8UVoh,0.5598797761348033
lkVUsvC,0.4951193893668898
iQUdHRtlB2aDAaa,0.6379395524061308
pFa_fJWIYmn26,0.5070667772927351
gKZLwiSdGbry7Bu,0.631638764810384
qhFO5DM8,0.2835718461365821
qCWDGt1jTJKy,0.6453260365343404
lStXf77DFFOqMd3,0.27773758710586055
dbIgDrjqsiBH7PT,0.6532165283140853
rrHJMC,0.26631975398959573
pcGQnQhVkvlw,0.6967091700700087
SZVNvirefQ,0.4051822437180322
uDoxDKkYcHtYqDP,0.6652719170332833
f5Q6F6wbjkS7eB,0.3775222424750359
bz1PWe6KVzo_,0.6052165922006932
wvYJS,0.471831489770114
qfMgVgNMKi8,0.5044204508732426
rm8V3WUBLNPcNd,0.26954153123497554
vLip1w96w,0.6024533449392209
ldLp3tX6WwVoYA,0.29145666518264923
kNoQsElQpQf_RYl,0.7102055788806092
bRahtGwx06RIgV,0.42113605413009164
vb0ehNa03FWhOZ,0.7643236327901395
sDsjR2Vs,0.5198162541104504
s3eg4rQM0hUjI5,0.6820146856778126
duTyIJwiyzO,0.2547461601428127
usnrPoAY7EtidZb,0.7373415964968939
gEnjmX,0.3452617766870986
xVhkxgncICyjq2G,0.52321202577611
kOLV4M,0.39147905931284577
ntS__KSkdt,0.49946805371806885
xw557gPj,0.32815614804692544
bc2JTIhYY,0.7439953263419873
qlKI02RO5,0.3293647812373596
mwt9IvKkgihyVg,0.604249255993449
o_2CP5H6tSIq,0.30669159465443363
ww8iMNDT_,0.6858753034733795
iwmsilgt0,0.4124674111239094
qgzfcSjr2V7C7XW,0.6591505062109349
fAa1yL,0.3730387764751203
sSUxiobquj5z,0.6410266697112083
r9cvqC_bCK,0.5160436050349269
ctt9wSzU,0.6848996082926334
koANc79xbaU,0.24942268396548142
eStcdoaCX0edZEn,0.7339305005387243
dSbrVC1yK1,0.2922097195590082
x7SBHD9X1eHlJ,0.6052948772756085
scEm_uvwbKCo8b,0.3444427935355054
rDE4VBM1KSBgNog,0.5494388549841289
ibTZjZXzX,0.2956520656890051
wFTXq0A_7dlI,0.5360073153401066
qr7E3hhIRDA,0.5173353888565547
vth60A9DZpITQwF,0.7177151678921327
xiVQl71NdsN,0.33992531057158115
qEjqrtfo6__TzlC,0.7703742595817069
q6BmRqY8,0.5136987692524165
hxhuC,0.7169594798080522
oKnBkyygjJeT4OZ,0.36407739246543436
kwHvh5kx1gxCsxt,0.6684731958409084
iM_uxYt,0.34112089171858706
n2NtPc9V60N43pn,0.6148510087981953
uclv3vj26Htvx,0.3983886040133685
cSNLPluX9b,0.5804976753518015
tEiy9TJHjW3,0.3656395358369745
hXK1u_iX,0.7249471710819164
v_CYAAKqoA,0.4084050982133959
l2lUKGt,0.5608295369232918
kJOrxGDpuWsjI,0.37405554834402466
eFkbfv5Wsu,0.535726418979882
jtTIHLIvgGACAOL,0.29278863727086596
uPhLdbgaOUK,0.6383362188165457
veWx,0.5504147151940735
tiP6DJB7jKZYQ4K,0.7692514315996977
rTAtdSKpn0ibs,0.371049473780755
ll4cOgXjKVU,0.6577204043226748
qq17HLnA,0.4542073184467047
ivohGrJy0rBBNh,0.7011694458553482
oFzVcyImHcHmCci,0.5395637730899076
qKpbtTNwXk_Ly,0.740563948705575
xXLQ_F27UU8XEM,0.4996196517136354
ruQ6EDoSy7tKwr,0.7149024857477351
RtswG0wspvBoC,0.42307069756000903
nP4Ww2qQd,0.5975588561030594
eEfme1LGf2z,0.35594632728418774
HRl8jtY6xwI,0.7597320794691819
q659DpeVQKNpP,0.3396622233688243
cvkdwkXe8,0.5232279548107385
wf8lU7nil9B_,0.4540768686526367
xh8Csv8C,0.5959567928965002
dRKq_MPXqfR3u0,0.3355840076708444
qwtg184xmOxmeMj,0.765076352619193
uYicBamGKrn,0.34473249173541876
urXbj7,0.6794189451042619
I4iWXQ_UD,0.2914073814908378
hicLarOMuOlI_,0.6919440725484052
t_Q4earc4mshOH,0.29681306155817777
wpHaf0yStnI,0.6005537364865197
bebChK7PskxB,0.4501810334582396
rCjuqQvpZLHx,0.6546784862959699
tFtBExRJBk,0.3851298388578981
ikiFPHMmtaGdLW,0.6915714166553616
fGlr0YAbXbu7,0.23979503502598035
fa3GwVtFA4b,0.7141176946112112
mOELHlQ4gFwNOEt,0.311310845210549
g3jE7iCVr,0.6445768893813216
m4BlcVeCGQo,0.4390275118197802
iWpBhtqZOjD_0dp,0.7850679399274241
ge9ua7b,0.496388611517907
t91GK,0.5502214253780036
oiUjFDYis,0.2980546914443599
b0GiwFwd_DE6,0.6890911868736138
bgfywlOA6,0.5153894276450216
czRPoHX3E_B3,0.6234323624301573
jfiiez8DlFjqifd,0.30832210261401566
fE28aNayZ3KZ2,0.5711971876641341
xlqXUr9VIFwMh,0.32618463430263
o01Bk7QsMt4Ou7f,0.6964333818223423
d2PJ4eiYZ,0.2844918666064396
