qx4t_VX,0.5404773140061235
lqUk0B5gSO7xhrB,0.4535424233727476
k1SRruhluiyxrCz,0.6994763088319519
pfNV4m9ZJyKG,0.4317641931144223
cF6s51G2P47S,0.6913465717966946
f2qgfAlnfxiB7qN,0.4690764518031382
jqU4TUUPEu,0.4056204567089717
jq_clN3FEX,0.3499520106199398
mZtJDzlu_cOra2,0.6994484644822896
fsW5dXZGGIQEs0,0.25505286818438055
l1EluZVQ5W74Rtk,0.64146019880545
cksHQYVrFx,0.3953707690441657
caLFQL2FEUZ,0.6015336107861834
jVHKJGZ,0.5402449703170384
xyUJSebBNSu,0.7809302514370382
7VbnLI9dA,0.3577456072573949
kseppzcENc8pfy,0.5618019157584085
rkaQSdk_xTqaz1,0.41249051479500914
nj4TXaS6Zkcl7X,0.669756031927223
g4UG1YQEnmo,0.366088821355174
FFGCSVhmpAbS1JS,0.6504368311234623
xY_hl3ftgFJ6,0.3588680301029883
n0Wd1LVPb,0.6360806970438859
sq24HfcN3u,0.42990040986604316
kABBqs5cM25,0.5481639065875042
oWgvq_17Z,0.36466929824336203
dSTN2xwatF5Txs0,0.6478393396206684
uVsKRmP4jDp,0.34436952993355663
qLaMChw1e,0.5009369364866888
dg39qWQ0x8bYHtr,0.3537192968680182
sCMvPIvmtBW3,0.6908516905265752
jyzUXkRYN,0.3711136942220586
7_kg7BsyyTy8,0.5356779335078791
r5KBXKHgz4A,0.39726938500127384
ntPzsU7V,0.5745116624076342
tXiQomcH64W3,0.360789603020242
b8QbCYl,0.6177092375706444
hzOAn1MqNd,0.32325181893460586
pCMjram,0.6634096592156938
jNrMqx8XNTHm5K,0.24321858203531824
n4FRyH4lcbEiHVM,0.6172076795870737
bLGuM9uvR3Ogqo4,0.48493544132081007
jw09IIGPHPy,0.563535461092351
k0eeWvWBD,0.27844496804594915
fo9U2QjN2t,0.6819109346898939
vuXgijpIg,0.41394609148804384
fmT904TjDcsE,0.6384477055676997
rQInjjREosu,0.31935295721509815
w_JvQuPvO6_Goqs,0.7064054522629917
iLzKpKGGrSvlh,0.2647383998893382
l7AyNLcqXS85hCp,0.6675290639049809
wizae58MiTmGe,0.447011641946182
qtQmgAdMbsnDNB,0.5530049891022609
lYUYC0uJF19Ka,0.3815228781336752
nWfN7yBL9vY,0.5088022326617624
qhV6DmemqXKprwU,0.3139342215784706
nINcNi304N,0.5482881241822751
tNkY83vbE,0.2812633407152275
sLwlzEVoQ2fv,0.47224658142184994
meYmBMa,0.395763146059224
jtyblBelXcgIT85,0.5691877284545744
bwYxTvd6pj,0.3031387407016286
xAb8zbMHstS,0.4377934754130231
eHGzDKHpMI,0.3155910555893792
dnzfDT5wY1k5o8,0.6795442017562615
o4d_ZMCaPR669,0.29762299066208653
kxjmGxSdj3tHi,0.6521485324101659
dfHWc2_qwC3NDCK,0.35044980894291566
uJN3VC,0.708097357969611
ddpLPfmBUhE8,0.31891199400014497
fzeWu51Q4QuVTla,0.4883331042722687
fvSIo2aurRj,0.32892169779573044
pyX35IIVQv,0.741040885298171
dQVB6A9h0_KryR,0.43163357687283144
r7Vy_BthlVa,0.5906702784222765
g9_OxarnRqOAUn,0.36455079338841745
ggTTeHtNw,0.6723692268660529
vl0z1u62IL7Ncl,0.42021576808554556
cMTZSE9okk6j,0.718636660613469
cVMSpkU44YuFaiO,0.28637647276694456
eXJsfS4am8,0.6945200368104973
fK2wqVJGT54gvuS,0.44167895656598627
g_7Cf1tdhiKEw,0.4705236224789388
ijar9VeLK4,0.4107507472682707
pUprG6dM1MR28N,0.6963054522540768
cD1ky1p0WKII,0.21594765241032685
lidbdt,0.5855550151400007
hZJVerES,0.3283757045962957
hCX3ND,0.5285140037808034
brLupKkBSjAvYfj,0.38207403539323487
bAkRNyg7Fceb,0.7312198189703253
hfchSKPX25emwy,0.32791369467757764
v3nE3bWaUq,0.6113926697675479
hAYtV3a,0.4910413335235923
kjBLh4vEyTTkaJI,0.5276391047987192
h6uymsrX6mbFlh,0.3757160034968772
ioY8SXeZ4O,0.5560844066616819
gs0oICfYwquGoVz,0.2691422457232168
JYCWB2ej5lrw,0.6081187114516245
f5ndxWrZKIE,0.514206247594974
k2A8t8IGuXAQg,0.7167123226967198
wVyVdyXBJi1s,0.4071255221454488
rvmqAcBd6rBPmv,0.4910607059717652
rqH6uvD9RGX,0.3461288170112509
efcONMPzgk9hV_z,0.6182552178390842
szH3rmr6ysC,0.38416133007017
oe2Lc97,0.6067661987040172
dMRTIPTVKC0FRR,0.34401310797252677
p7eTalN7koz,0.5301637935876847
fFRVeo1I,0.4572298695074654
dFJ7PnU,0.529785157106942
oHuBNnwz,0.4188436351688066
nhcJCpQck,0.5925916082118793
jpA80RCT8ljL9e,0.29083759501754813
j33ihpdbJfzq,0.521713688068642
gdcPCRZS1KRaNEl,0.4403294855708904
jKh48a2sGpRjq9w,0.6997403729349012
dybfWfXJkjMWp6m,0.33138128005861794
mb87K0Eu,0.5650828397336982
cHVnuIJXPd3,0.4571901484661186
vCHJ0rxd67g4n,0.7429340060326398
x5SMTJGkkeDi,0.3792153807047402
wnkxDbh7vs,0.5368585749882108
xyYqXBEp0k,0.33094264051877004
cKpMlHgzd5JF,0.4643193886443895
cAX9NIcworqhMwk,0.4293359428772658
neXKBk6SLTROsGY,0.5406496015715462
l4LbQ_rAPqo2wp,0.3596931543540135
leAuT8UVoh,0.5697683741199506
lkVUsvC,0.5067924782127868
iQUdHRtlB2aDAaa,0.6145901903330496
pFa_fJWIYmn26,0.5012461205447593
gKZLwiSdGbry7Bu,0.6182793789571589
qhFO5DM8,0.2898293844914704
qCWDGt1jTJKy,0.6344065360297422
lStXf77DFFOqMd3,0.26920215247406537
dbIgDrjqsiBH7PT,0.6557568069444021
rrHJMC,0.2667559216214879
pcGQnQhVkvlw,0.6987687948719542
SZVNvirefQ,0.41885398094596654
uDoxDKkYcHtYqDP,0.6643537313185246
f5Q6F6wbjkS7eB,0.3703233364158867
bz1PWe6KVzo_,0.5989986879560425
wvYJS,0.4676783519124347
qfMgVgNMKi8,0.4896290464829489
rm8V3WUBLNPcNd,0.2784994523064318
vLip1w96w,0.6009363753417903
ldLp3tX6WwVoYA,0.28965979476585746
kNoQsElQpQf_RYl,0.7177672297799992
bRahtGwx06RIgV,0.4353606675156163
vb0ehNa03FWhOZ,0.7760100612760403
sDsjR2Vs,0.505870212869062
s3eg4rQM0hUjI5,0.6673344078396625
duTyIJwiyzO,0.25795047017988226
usnrPoAY7EtidZb,0.7446497867201286
gEnjmX,0.34156947031506324
xVhkxgncICyjq2G,0.5354602031468794
kOLV4M,0.3940162760710938
ntS__KSkdt,0.525380574696775
xw557gPj,0.3543485831362635
bc2JTIhYY,0.7328783221754397
qlKI02RO5,0.33219103170835246
mwt9IvKkgihyVg,0.6061698148644955
o_2CP5H6tSIq,0.309617904548421
ww8iMNDT_,0.6758030570287582
iwmsilgt0,0.39900928522443746
qgzfcSjr2V7C7XW,0.6450778725940977
fAa1yL,0.3586404633136931
sSUxiobquj5z,0.6399151329569184
r9cvqC_bCK,0.49673017753584264
ctt9wSzU,0.6751425308351103
koANc79xbaU,0.26025956501020575
eStcdoaCX0edZEn,0.7337310239845837
dSbrVC1yK1,0.2865702929505038
x7SBHD9X1eHlJ,0.6068983295611876
scEm_uvwbKCo8b,0.35340418765298065
rDE4VBM1KSBgNog,0.5448636177529724
ibTZjZXzX,0.2926552874693076
wFTXq0A_7dlI,0.5181935618104002
qr7E3hhIRDA,0.5165441783894714
vth60A9DZpITQwF,0.7282416578113996
xiVQl71NdsN,0.3270731329716435
qEjqrtfo6__TzlC,0.7703529915787299
q6BmRqY8,0.4902371049117373
hxhuC,0.6972475698965056
oKnBkyygjJeT4OZ,0.3503517850604807
kwHvh5kx1gxCsxt,0.6585274329387996
iM_uxYt,0.34710082129888353
n2NtPc9V60N43pn,0.6104274591482787
uclv3vj26Htvx,0.3803984589753981
cSNLPluX9b,0.5944124800034088
tEiy9TJHjW3,0.3841063767807395
hXK1u_iX,0.7052895276487025
v_CYAAKqoA,0.3984137658317542
l2lUKGt,0.5379145709427954
kJOrxGDpuWsjI,0.3863695016609221
eFkbfv5Wsu,0.5401067775307907
jtTIHLIvgGACAOL,0.2910626737321649
uPhLdbgaOUK,0.635486085583716
veWx,0.5597215619320978
tiP6DJB7jKZYQ4K,0.7726458241340299
rTAtdSKpn0ibs,0.3736670839953712
ll4cOgXjKVU,0.6510914653606188
qq17HLnA,0.4299207739749565
ivohGrJy0rBBNh,0.7052446432700585
oFzVcyImHcHmCci,0.5383530303049925
qKpbtTNwXk_Ly,0.719169350788192
xXLQ_F27UU8XEM,0.48960699747368
ruQ6EDoSy7tKwr,0.7011341401837232
RtswG0wspvBoC,0.43280770213990083
nP4Ww2qQd,0.5915178221480127
eEfme1LGf2z,0.3623719015304944
HRl8jtY6xwI,0.7759190661277728
q659DpeVQKNpP,0.3550838404615107
cvkdwkXe8,0.5024910142051773
wf8lU7nil9B_,0.44500368575514715
xh8Csv8C,0.6035314613668127
dRKq_MPXqfR3u0,0.32710840461146956
qwtg184xmOxmeMj,0.7509029832193692
uYicBamGKrn,0.34497784683721117
urXbj7,0.68218918511193
I4iWXQ_UD,0.28696880485635545
hicLarOMuOlI_,0.7013406871258552
t_Q4earc4mshOH,0.2871244508905566
wpHaf0yStnI,0.5650880456196431
bebChK7PskxB,0.4404040194720274
rCjuqQvpZLHx,0.6705181498256705
tFtBExRJBk,0.37551803561165426
ikiFPHMmtaGdLW,0.6852299749661609
fGlr0YAbXbu7,0.26408057324676204
fa3GwVtFA4b,0.722571482327554
mOELHlQ4gFwNOEt,0.3035432841722226
g3jE7iCVr,0.642940080854231
m4BlcVeCGQo,0.4548222862758777
iWpBhtqZOjD_0dp,0.7744992264188583
ge9ua7b,0.48700860064392115
t91GK,0.5399562526066246
oiUjFDYis,0.2853277496626
b0GiwFwd_DE6,0.6969140068646116
bgfywlOA6,0.4992243561375569
czRPoHX3E_B3,0.6303317372202325
jfiiez8DlFjqifd,0.2654946266124782
fE28aNayZ3KZ2,0.5901307679315073
xlqXUr9VIFwMh,0.3019588834959019
o01Bk7QsMt4Ou7f,0.701830704972675
d2PJ4eiYZ,0.26757734334431493
