qx4t_VX,0.5377687920875903
lqUk0B5gSO7xhrB,0.472476706556168
k1SRruhluiyxrCz,0.7109291131967224
pfNV4m9ZJyKG,0.43275956056410453
cF6s51G2P47S,0.6884117064492931
f2qgfAlnfxiB7qN,0.4566656178718964
jqU4TUUPEu,0.41695058076058866
jq_clN3FEX,0.39114336881892137
mZtJDzlu_cOra2,0.6869159384582798
fsW5dXZGGIQEs0,0.271464947813334
l1EluZVQ5W74Rtk,0.6553527194430423
cksHQYVrFx,0.3995501416079911
caLFQL2FEUZ,0.5911045447649957
jVHKJGZ,0.5110148446156524
xyUJSebBNSu,0.7789633290556153
7VbnLI9dA,0.3747489178183697
kseppzcENc8pfy,0.5578654509580141
rkaQSdk_xTqaz1,0.4213801500283054
nj4TXaS6Zkcl7X,0.6628585291342795
g4UG1YQEnmo,0.35913538509097137
FFGCSVhmpAbS1JS,0.6457483864988848
xY_hl3ftgFJ6,0.3461377665160814
n0Wd1LVPb,0.6196767839737132
sq24HfcN3u,0.4517618514018982
kABBqs5cM25,0.5648385656967184
oWgvq_17Z,0.37322635667613197
dSTN2xwatF5Txs0,0.6533859066831439
uVsKRmP4jDp,0.35502671848443496
qLaMChw1e,0.49441844214248826
dg39qWQ0x8bYHtr,0.3430475568796366
l5TUbzeWJ3Y5,0.5265116298497307
wrCJ0vrCrn5S5C,0.32743175033797184
_UqnfSjiEX,0.6334829400766165
o96a5AxEzogl8p,0.2905591086592447
dX2JIpS5Wjevq,0.7181966818501451
rJfaWxNGeU,0.31236967079913003
kBszzoYUVMl,0.6109382266929936
p4YAU5efy,0.38726218113455657
m_7_ghXxwtnJ,0.6989467922376743
r6BNc5VJDHLco8D,0.3357610576643357
eKzjEwUj0h,0.4999622580351674
pU4SxhlN6,0.3832028039368209
hFAPzG5Bmiz,0.672151738107529
nxLPgTw2lg,0.2717002316027054
bnAa0F2Y5VRG4,0.4919819380190074
g336FaT2YhXw,0.3621082145439284
Ro3m1WbZfOyGi,0.5949322987704663
iQAEvwou6mB,0.3430755154928339
oqg9mdTD9WnS,0.5090037365753222
k2dEdXL,0.26245039627368355
tKjCAHusd9,0.4836743842895015
v5Ct2qy5iTwzgeM,0.3686226180388015
folDdnr,0.5790223265879415
wykBSRFBt,0.36221024576591093
xRmLtYAYJ5,0.6164240352241543
u98bUzGHLXgXO4S,0.4849673197938688
mIS9QmnxTykHnkS,0.6235946506256485
lcbgxhwH,0.49584815738631066
sLwlzEVoQ2fv,0.4951306202273372
meYmBMa,0.4076568268016183
jtyblBelXcgIT85,0.5550797078341704
bwYxTvd6pj,0.28914304188760814
xAb8zbMHstS,0.4317233816160029
eHGzDKHpMI,0.3181662326729429
dnzfDT5wY1k5o8,0.6634722375094632
o4d_ZMCaPR669,0.29066573878980745
kxjmGxSdj3tHi,0.6492261626280103
dfHWc2_qwC3NDCK,0.3426661131892006
uJN3VC,0.6848587248226835
ddpLPfmBUhE8,0.31959912552278336
fzeWu51Q4QuVTla,0.4789455003002688
fvSIo2aurRj,0.34584825875847697
pyX35IIVQv,0.7326496908761246
dQVB6A9h0_KryR,0.43557519085458674
r7Vy_BthlVa,0.5975197365977204
g9_OxarnRqOAUn,0.3789552042682946
ggTTeHtNw,0.6524368406564751
vl0z1u62IL7Ncl,0.40213935180757027
cMTZSE9okk6j,0.6970858381778504
cVMSpkU44YuFaiO,0.2775197980340712
eXJsfS4am8,0.6952910100713264
fK2wqVJGT54gvuS,0.42588289496909143
g_7Cf1tdhiKEw,0.48582912383344035
ijar9VeLK4,0.4124673107959521
pUprG6dM1MR28N,0.680633354960218
cD1ky1p0WKII,0.23783092998689556
lidbdt,0.59832250522371
hZJVerES,0.3425762003157997
hCX3ND,0.5215199650166618
brLupKkBSjAvYfj,0.3660242472171039
bAkRNyg7Fceb,0.7310638792967209
hfchSKPX25emwy,0.32014813745982723
v3nE3bWaUq,0.6213488600731792
hAYtV3a,0.4911131215443037
kjBLh4vEyTTkaJI,0.5346709924887539
h6uymsrX6mbFlh,0.36231490090628815
ioY8SXeZ4O,0.5713192810502361
gs0oICfYwquGoVz,0.26805839413569754
JYCWB2ej5lrw,0.628865303010821
f5ndxWrZKIE,0.504967517947195
k2A8t8IGuXAQg,0.6789718823439502
wVyVdyXBJi1s,0.38566512015231014
rvmqAcBd6rBPmv,0.498656932448878
rqH6uvD9RGX,0.35609975015035406
efcONMPzgk9hV_z,0.6071417452976534
szH3rmr6ysC,0.40360268658591525
oe2Lc97,0.6256305257167968
dMRTIPTVKC0FRR,0.32244636379573344
p7eTalN7koz,0.5327581448200639
fFRVeo1I,0.45794741497078983
dFJ7PnU,0.5310483371456839
oHuBNnwz,0.4091509448021518
nhcJCpQck,0.5992477623651182
jpA80RCT8ljL9e,0.2983491058931247
j33ihpdbJfzq,0.5039761565594736
gdcPCRZS1KRaNEl,0.4258177482507292
jKh48a2sGpRjq9w,0.7147038273711486
dybfWfXJkjMWp6m,0.3312575997725028
mb87K0Eu,0.5881022735543838
cHVnuIJXPd3,0.4979224780445046
vCHJ0rxd67g4n,0.7318996869262407
x5SMTJGkkeDi,0.3790624561971741
wnkxDbh7vs,0.5262741217646909
xyYqXBEp0k,0.34774195666752206
cKpMlHgzd5JF,0.4668837081796247
cAX9NIcworqhMwk,0.3969884226072785
neXKBk6SLTROsGY,0.5317125524826648
l4LbQ_rAPqo2wp,0.35346032337921807
leAuT8UVoh,0.5553376409919919
lkVUsvC,0.5006652631117563
iQUdHRtlB2aDAaa,0.6182463903840941
pFa_fJWIYmn26,0.49071812212144655
gKZLwiSdGbry7Bu,0.6156319164666247
qhFO5DM8,0.3018299347761986
qCWDGt1jTJKy,0.6458501138633433
lStXf77DFFOqMd3,0.2859556813002119
dbIgDrjqsiBH7PT,0.6434114938822714
rrHJMC,0.2818990866887546
pcGQnQhVkvlw,0.6986569083580986
SZVNvirefQ,0.4137894222127987
uDoxDKkYcHtYqDP,0.6598231363898706
f5Q6F6wbjkS7eB,0.3567118446335336
bz1PWe6KVzo_,0.6112830588706832
wvYJS,0.45651871488872636
qfMgVgNMKi8,0.5063879125662931
rm8V3WUBLNPcNd,0.28684799973542985
vLip1w96w,0.6055187468003722
ldLp3tX6WwVoYA,0.27634334833036234
kNoQsElQpQf_RYl,0.6920385254952471
bRahtGwx06RIgV,0.4139685869666938
vb0ehNa03FWhOZ,0.7729143675061075
sDsjR2Vs,0.5047344957593802
s3eg4rQM0hUjI5,0.6741221426817348
duTyIJwiyzO,0.2619056717320138
usnrPoAY7EtidZb,0.7290249067595457
gEnjmX,0.3414598222282795
xVhkxgncICyjq2G,0.5454476445789704
kOLV4M,0.4028239417267192
ntS__KSkdt,0.5115246707477467
xw557gPj,0.33457071160098134
bc2JTIhYY,0.7504837246318637
qlKI02RO5,0.33320859620686527
mwt9IvKkgihyVg,0.5869768719869504
o_2CP5H6tSIq,0.29411140963009375
ww8iMNDT_,0.6784665986375673
iwmsilgt0,0.3962885038888809
qgzfcSjr2V7C7XW,0.6499112209084068
fAa1yL,0.38405369328335204
sSUxiobquj5z,0.6371260092823346
r9cvqC_bCK,0.5169610216507642
ctt9wSzU,0.6721215662732051
koANc79xbaU,0.258703169792693
eStcdoaCX0edZEn,0.725007586680718
dSbrVC1yK1,0.27981669521305264
x7SBHD9X1eHlJ,0.5929110032563881
scEm_uvwbKCo8b,0.33960476069321605
rDE4VBM1KSBgNog,0.5413314332262934
ibTZjZXzX,0.295293486037091
wFTXq0A_7dlI,0.5353808128056585
qr7E3hhIRDA,0.5126847012548479
vth60A9DZpITQwF,0.7136968349902391
xiVQl71NdsN,0.33846867120075896
qEjqrtfo6__TzlC,0.7605812813038675
q6BmRqY8,0.5005123361223883
hxhuC,0.6905214384817966
oKnBkyygjJeT4OZ,0.3586590992364763
kwHvh5kx1gxCsxt,0.6677203525100851
iM_uxYt,0.35140349910611945
n2NtPc9V60N43pn,0.5908224757574028
uclv3vj26Htvx,0.3927904658821615
cSNLPluX9b,0.5951973363642221
tEiy9TJHjW3,0.3605658267778409
hXK1u_iX,0.7014845046761725
v_CYAAKqoA,0.39497075942716914
l2lUKGt,0.5612074058898351
kJOrxGDpuWsjI,0.3872833454229577
eFkbfv5Wsu,0.5348608026607816
jtTIHLIvgGACAOL,0.3203553408669022
uPhLdbgaOUK,0.6402656983520442
veWx,0.5529800124815923
tiP6DJB7jKZYQ4K,0.7610834941434157
rTAtdSKpn0ibs,0.3815208515968273
ll4cOgXjKVU,0.6544630202812093
qq17HLnA,0.42354385084706603
ivohGrJy0rBBNh,0.7065525339665552
oFzVcyImHcHmCci,0.5446344491510429
qKpbtTNwXk_Ly,0.7310223365910096
xXLQ_F27UU8XEM,0.4888140867076878
ruQ6EDoSy7tKwr,0.7065454141505481
RtswG0wspvBoC,0.43903269801863437
nP4Ww2qQd,0.5994634675498972
eEfme1LGf2z,0.379322089347059
HRl8jtY6xwI,0.7732291345120654
q659DpeVQKNpP,0.35119195117463387
cvkdwkXe8,0.5148975370035982
wf8lU7nil9B_,0.4646580853697994
xh8Csv8C,0.6085856664452639
dRKq_MPXqfR3u0,0.31469357902574846
qwtg184xmOxmeMj,0.7589358428468121
uYicBamGKrn,0.35060470350362627
urXbj7,0.6664474037431596
I4iWXQ_UD,0.30305405736723084
hicLarOMuOlI_,0.6845618460220089
t_Q4earc4mshOH,0.29045954175046307
wpHaf0yStnI,0.5651686517206632
bebChK7PskxB,0.452975148737973
rCjuqQvpZLHx,0.6765621370651403
tFtBExRJBk,0.3793148373494301
ikiFPHMmtaGdLW,0.6837491555116737
fGlr0YAbXbu7,0.25550027126169933
fa3GwVtFA4b,0.7121535988641192
mOELHlQ4gFwNOEt,0.30739682086525233
g3jE7iCVr,0.6386857390566574
m4BlcVeCGQo,0.45647379899216056
iWpBhtqZOjD_0dp,0.7736903495849232
ge9ua7b,0.495263187046547
t91GK,0.5516014950986711
oiUjFDYis,0.2904768153331608
b0GiwFwd_DE6,0.6929419936604361
bgfywlOA6,0.5107376108722292
czRPoHX3E_B3,0.6108985594018598
jfiiez8DlFjqifd,0.30237772073675884
fE28aNayZ3KZ2,0.6012196167605761
xlqXUr9VIFwMh,0.33138389958648623
o01Bk7QsMt4Ou7f,0.7098640929042259
d2PJ4eiYZ,0.2944507789452735
