qx4t_VX,0.5607330309611115
lqUk0B5gSO7xhrB,0.4375009436646038
k1SRruhluiyxrCz,0.7184726509795478
pfNV4m9ZJyKG,0.4268976363363818
cF6s51G2P47S,0.7002044493320987
f2qgfAlnfxiB7qN,0.4503498406182561
jqU4TUUPEu,0.3945200144380486
jq_clN3FEX,0.38183449608231207
mZtJDzlu_cOra2,0.6937251246547863
fsW5dXZGGIQEs0,0.26212359883256026
l1EluZVQ5W74Rtk,0.6553337164206787
cksHQYVrFx,0.396066845997347
caLFQL2FEUZ,0.6025694216376651
jVHKJGZ,0.540853751433375
xyUJSebBNSu,0.785301538547131
7VbnLI9dA,0.35896377604885954
kseppzcENc8pfy,0.5710594803288042
rkaQSdk_xTqaz1,0.43159448505140563
nj4TXaS6Zkcl7X,0.6481122182815086
g4UG1YQEnmo,0.35770177324810715
FFGCSVhmpAbS1JS,0.6302251414750232
xY_hl3ftgFJ6,0.3631629344736587
n0Wd1LVPb,0.6089259277425936
sq24HfcN3u,0.44413279230099917
kABBqs5cM25,0.584244292183881
oWgvq_17Z,0.33302965850602667
dSTN2xwatF5Txs0,0.6418070242781994
uVsKRmP4jDp,0.34829586154339853
qLaMChw1e,0.5144642329670679
dg39qWQ0x8bYHtr,0.33264992027592155
l5TUbzeWJ3Y5,0.531893103005822
wrCJ0vrCrn5S5C,0.3434786742055729
_UqnfSjiEX,0.6653583813723764
o96a5AxEzogl8p,0.28095186413470286
dX2JIpS5Wjevq,0.6901607242016171
rJfaWxNGeU,0.3226185366816203
kBszzoYUVMl,0.6163896454568596
p4YAU5efy,0.36961583612613835
m_7_ghXxwtnJ,0.7266881709697721
r6BNc5VJDHLco8D,0.34325177279946145
eKzjEwUj0h,0.5066636498446826
pU4SxhlN6,0.38482401570011077
hFAPzG5Bmiz,0.6780446177196078
nxLPgTw2lg,0.28607485302654534
bnAa0F2Y5VRG4,0.4778345733051998
g336FaT2YhXw,0.37275317748941816
Ro3m1WbZfOyGi,0.6293231977038978
iQAEvwou6mB,0.3557260366338206
oqg9mdTD9WnS,0.5162012541269844
k2dEdXL,0.26083330866742926
tKjCAHusd9,0.461834049938291
v5Ct2qy5iTwzgeM,0.3621581578941363
folDdnr,0.5739474291494292
wykBSRFBt,0.348469347221347
xRmLtYAYJ5,0.6444345561399653
u98bUzGHLXgXO4S,0.5025275462472774
mIS9QmnxTykHnkS,0.6074776759736017
lcbgxhwH,0.4770518964234072
sCMvPIvmtBW3,0.6665016869762163
jyzUXkRYN,0.37295952030759844
7_kg7BsyyTy8,0.5429873429946401
r5KBXKHgz4A,0.4053435286763396
ntPzsU7V,0.5525249546684284
tXiQomcH64W3,0.39412435964601267
b8QbCYl,0.6081755055604087
hzOAn1MqNd,0.3088537464776512
pCMjram,0.7008683387235172
jNrMqx8XNTHm5K,0.24338679092549947
n4FRyH4lcbEiHVM,0.5956376954254141
bLGuM9uvR3Ogqo4,0.46010046627397366
jw09IIGPHPy,0.548196677423402
k0eeWvWBD,0.2653926985666417
fo9U2QjN2t,0.6792442723851727
vuXgijpIg,0.40289467245064936
fmT904TjDcsE,0.6556711072639806
rQInjjREosu,0.35631487805529866
w_JvQuPvO6_Goqs,0.7196068989627595
iLzKpKGGrSvlh,0.28909601374323507
l7AyNLcqXS85hCp,0.6644698113418936
wizae58MiTmGe,0.45229349859553875
qtQmgAdMbsnDNB,0.5932727074488674
lYUYC0uJF19Ka,0.3963525216809465
nWfN7yBL9vY,0.4941873901111126
qhV6DmemqXKprwU,0.3141174173408355
nINcNi304N,0.524392848302256
tNkY83vbE,0.2833978628266176
lidbdt,0.587530313097201
hZJVerES,0.32398587388783673
hCX3ND,0.5359041491399019
brLupKkBSjAvYfj,0.3808872822571289
bAkRNyg7Fceb,0.7268326388815701
hfchSKPX25emwy,0.32440392318574957
v3nE3bWaUq,0.6220840916901361
hAYtV3a,0.483944111888435
kjBLh4vEyTTkaJI,0.5414324119628451
h6uymsrX6mbFlh,0.37839724154641835
ioY8SXeZ4O,0.564140620816469
gs0oICfYwquGoVz,0.2782917850763879
JYCWB2ej5lrw,0.6106889647546224
f5ndxWrZKIE,0.48446608642503003
k2A8t8IGuXAQg,0.6983001319735626
wVyVdyXBJi1s,0.3954052488118953
rvmqAcBd6rBPmv,0.48294430484289924
rqH6uvD9RGX,0.35330460343115405
efcONMPzgk9hV_z,0.5897438726860901
szH3rmr6ysC,0.37646291562899215
oe2Lc97,0.6312053590000932
dMRTIPTVKC0FRR,0.374012391421668
p7eTalN7koz,0.5220327696657603
fFRVeo1I,0.450344359455811
dFJ7PnU,0.5020970971738965
oHuBNnwz,0.39949168567557836
nhcJCpQck,0.5594942758368041
jpA80RCT8ljL9e,0.30731317442543377
j33ihpdbJfzq,0.4874836160625654
gdcPCRZS1KRaNEl,0.4313442251007788
jKh48a2sGpRjq9w,0.6995192416124163
dybfWfXJkjMWp6m,0.3361197937835485
mb87K0Eu,0.5698880322512662
cHVnuIJXPd3,0.44451743095038265
vCHJ0rxd67g4n,0.7585846015960956
x5SMTJGkkeDi,0.3818939163750439
wnkxDbh7vs,0.5292220091319316
xyYqXBEp0k,0.353348083962631
cKpMlHgzd5JF,0.4959339228590332
cAX9NIcworqhMwk,0.4101940060118985
neXKBk6SLTROsGY,0.5109226773323436
l4LbQ_rAPqo2wp,0.3960012743252397
leAuT8UVoh,0.5412943496350967
lkVUsvC,0.48389480342279173
iQUdHRtlB2aDAaa,0.6314215989741023
pFa_fJWIYmn26,0.5072335978011847
gKZLwiSdGbry7Bu,0.603337803332487
qhFO5DM8,0.28784905476472766
qCWDGt1jTJKy,0.6410726672070589
lStXf77DFFOqMd3,0.2723116837887461
dbIgDrjqsiBH7PT,0.6358225840732682
rrHJMC,0.27397464139160416
pcGQnQhVkvlw,0.6982193915699092
SZVNvirefQ,0.4057925431614659
uDoxDKkYcHtYqDP,0.6790370588506465
f5Q6F6wbjkS7eB,0.36595408476748226
bz1PWe6KVzo_,0.6205439494036362
wvYJS,0.4389466251476882
qfMgVgNMKi8,0.5064932446340275
rm8V3WUBLNPcNd,0.29012218065201795
vLip1w96w,0.6007569324826497
ldLp3tX6WwVoYA,0.29716373679763
kNoQsElQpQf_RYl,0.7071381969638323
bRahtGwx06RIgV,0.42071141040119847
vb0ehNa03FWhOZ,0.7779438890994369
sDsjR2Vs,0.4796850139775595
s3eg4rQM0hUjI5,0.6682955875822066
duTyIJwiyzO,0.26168561039899996
usnrPoAY7EtidZb,0.7308645979809871
gEnjmX,0.34401549554180616
xVhkxgncICyjq2G,0.5109396375974306
kOLV4M,0.4004189915883065
ntS__KSkdt,0.5023321596655165
xw557gPj,0.3599834783065325
bc2JTIhYY,0.749363535712775
qlKI02RO5,0.33919140165673206
mwt9IvKkgihyVg,0.6241589306608565
o_2CP5H6tSIq,0.2933258032749369
ww8iMNDT_,0.6889296195731588
iwmsilgt0,0.3969567482664513
qgzfcSjr2V7C7XW,0.6439915131506632
fAa1yL,0.3990993442035431
sSUxiobquj5z,0.6280274555551968
r9cvqC_bCK,0.5109744850349937
ctt9wSzU,0.6703341833385581
koANc79xbaU,0.26113406775753445
eStcdoaCX0edZEn,0.7188323833516985
dSbrVC1yK1,0.2965278037545078
x7SBHD9X1eHlJ,0.599912170564558
scEm_uvwbKCo8b,0.34028923519285276
rDE4VBM1KSBgNog,0.5304797306831637
ibTZjZXzX,0.2852953291464821
wFTXq0A_7dlI,0.5088706955895687
qr7E3hhIRDA,0.5279686535912984
vth60A9DZpITQwF,0.7047960321574869
xiVQl71NdsN,0.35091903019733134
qEjqrtfo6__TzlC,0.765982879893703
q6BmRqY8,0.5120089155077318
hxhuC,0.6964442459637507
oKnBkyygjJeT4OZ,0.3722684380432692
kwHvh5kx1gxCsxt,0.6550447100411723
iM_uxYt,0.3610983400193203
n2NtPc9V60N43pn,0.6036698249715852
uclv3vj26Htvx,0.38116678105329643
cSNLPluX9b,0.6261979874734317
tEiy9TJHjW3,0.3810964640488634
hXK1u_iX,0.68762546460106
v_CYAAKqoA,0.39048896992520893
l2lUKGt,0.530236140390074
kJOrxGDpuWsjI,0.3892623336224902
eFkbfv5Wsu,0.5382314436808743
jtTIHLIvgGACAOL,0.3185935159501876
uPhLdbgaOUK,0.6312590560028597
veWx,0.531595562987347
tiP6DJB7jKZYQ4K,0.7696217596487711
rTAtdSKpn0ibs,0.38313743131533345
ll4cOgXjKVU,0.6735568379932456
qq17HLnA,0.42024785613796667
ivohGrJy0rBBNh,0.7100934380462339
oFzVcyImHcHmCci,0.5466517335553722
qKpbtTNwXk_Ly,0.7323531913677679
xXLQ_F27UU8XEM,0.4722415144823157
ruQ6EDoSy7tKwr,0.7038790392137668
RtswG0wspvBoC,0.4073083729770701
nP4Ww2qQd,0.6201663084527129
eEfme1LGf2z,0.37223415448065444
HRl8jtY6xwI,0.7793219504689097
q659DpeVQKNpP,0.3552185711750384
cvkdwkXe8,0.5120045759390366
wf8lU7nil9B_,0.4690159263365572
xh8Csv8C,0.5855989796279752
dRKq_MPXqfR3u0,0.32266724857264323
qwtg184xmOxmeMj,0.769352019019439
uYicBamGKrn,0.34344247862438043
urXbj7,0.6705301914419883
I4iWXQ_UD,0.28778209021629314
hicLarOMuOlI_,0.6892639275129236
t_Q4earc4mshOH,0.2896720290066726
wpHaf0yStnI,0.5678795059641956
bebChK7PskxB,0.4528667089393304
rCjuqQvpZLHx,0.6717476606521335
tFtBExRJBk,0.374715111006129
ikiFPHMmtaGdLW,0.6886219510954816
fGlr0YAbXbu7,0.25380563876077755
fa3GwVtFA4b,0.7016471768804831
mOELHlQ4gFwNOEt,0.3299541982369903
g3jE7iCVr,0.6319917983629767
m4BlcVeCGQo,0.4366518478628271
iWpBhtqZOjD_0dp,0.7771664976002843
ge9ua7b,0.47684842944953987
t91GK,0.5429978673682828
oiUjFDYis,0.29711799156157326
b0GiwFwd_DE6,0.6953059101640585
bgfywlOA6,0.48605423724413366
czRPoHX3E_B3,0.5944557278335697
jfiiez8DlFjqifd,0.28295600967428614
fE28aNayZ3KZ2,0.5895965232834579
xlqXUr9VIFwMh,0.327581093327562
o01Bk7QsMt4Ou7f,0.7186524769417633
d2PJ4eiYZ,0.28328932332629636
