qx4t_VX,0.519140282408141
lqUk0B5gSO7xhrB,0.4643283555828617
k1SRruhluiyxrCz,0.7027249550367464
pfNV4m9ZJyKG,0.39971341806612004
cF6s51G2P47S,0.6581036505445645
f2qgfAlnfxiB7qN,0.48339454923714226
jqU4TUUPEu,0.4188462354639872
jq_clN3FEX,0.3664433248650703
mZtJDzlu_cOra2,0.709228813698768
fsW5dXZGGIQEs0,0.24719055922935143
l1EluZVQ5W74Rtk,0.6630828363406553
cksHQYVrFx,0.4268247015640484
caLFQL2FEUZ,0.6204444141721855
jVHKJGZ,0.5238126363063231
xyUJSebBNSu,0.7895544935398096
7VbnLI9dA,0.360121896499835
kseppzcENc8pfy,0.5713361147351652
rkaQSdk_xTqaz1,0.40199823641761373
nj4TXaS6Zkcl7X,0.6696908027707649
g4UG1YQEnmo,0.3697878342303245
FFGCSVhmpAbS1JS,0.6419880113951435
xY_hl3ftgFJ6,0.3373690894521959
n0Wd1LVPb,0.6407593227626528
sq24HfcN3u,0.4531788669501981
kABBqs5cM25,0.5170327659772194
oWgvq_17Z,0.345341832374472
dSTN2xwatF5Txs0,0.6517759566415687
uVsKRmP4jDp,0.34434790249407066
qLaMChw1e,0.5061773630817841
dg39qWQ0x8bYHtr,0.34677165415029
l5TUbzeWJ3Y5,0.5576656437142088
wrCJ0vrCrn5S5C,0.3361964871334192
_UqnfSjiEX,0.6535463059570704
o96a5AxEzogl8p,0.26871376594424523
dX2JIpS5Wjevq,0.7123307442548807
rJfaWxNGeU,0.31356415874570015
kBszzoYUVMl,0.5850765724458585
p4YAU5efy,0.34533176252774705
m_7_ghXxwtnJ,0.6806513553935407
r6BNc5VJDHLco8D,0.33609309744896465
eKzjEwUj0h,0.4938810626814447
pU4SxhlN6,0.39793897766278635
hFAPzG5Bmiz,0.6308679173272457
nxLPgTw2lg,0.27268521173671867
bnAa0F2Y5VRG4,0.4998553450350902
g336FaT2YhXw,0.3520752472357391
Ro3m1WbZfOyGi,0.5884759809379927
iQAEvwou6mB,0.3602254300379033
oqg9mdTD9WnS,0.49915721080258435
k2dEdXL,0.24924215350020143
tKjCAHusd9,0.4885091763291184
v5Ct2qy5iTwzgeM,0.37204703933151795
folDdnr,0.5944069874898538
wykBSRFBt,0.3343098046736532
xRmLtYAYJ5,0.608847157963445
u98bUzGHLXgXO4S,0.48640486076991485
mIS9QmnxTykHnkS,0.6265311741287484
lcbgxhwH,0.5200856794315528
sCMvPIvmtBW3,0.6938397517284659
jyzUXkRYN,0.37028601855328735
7_kg7BsyyTy8,0.5380412020156082
r5KBXKHgz4A,0.38688463735367196
ntPzsU7V,0.5955277714098344
tXiQomcH64W3,0.37946655435383847
b8QbCYl,0.6006997374646476
hzOAn1MqNd,0.3415009707026181
pCMjram,0.6683825709886921
jNrMqx8XNTHm5K,0.2540497688915253
n4FRyH4lcbEiHVM,0.6303013043383398
bLGuM9uvR3Ogqo4,0.49833226444624884
jw09IIGPHPy,0.5438487686218688
k0eeWvWBD,0.2567356009060271
fo9U2QjN2t,0.6795201184771984
vuXgijpIg,0.4108652494381584
fmT904TjDcsE,0.6432335469518518
rQInjjREosu,0.3268962567608294
w_JvQuPvO6_Goqs,0.7242269401855652
iLzKpKGGrSvlh,0.2861547522409524
l7AyNLcqXS85hCp,0.680907670919392
wizae58MiTmGe,0.4541561180555827
qtQmgAdMbsnDNB,0.5742262258080245
lYUYC0uJF19Ka,0.3749119851957481
nWfN7yBL9vY,0.5243558756169345
qhV6DmemqXKprwU,0.3101612983368716
nINcNi304N,0.5486198170541258
tNkY83vbE,0.285691714597796
sLwlzEVoQ2fv,0.4956741343199683
meYmBMa,0.43617654909506326
jtyblBelXcgIT85,0.5782277690219121
bwYxTvd6pj,0.2832780744368344
xAb8zbMHstS,0.43785484651900913
eHGzDKHpMI,0.3152313381976311
dnzfDT5wY1k5o8,0.6739088390997962
o4d_ZMCaPR669,0.3009307502044084
kxjmGxSdj3tHi,0.6572822228579777
dfHWc2_qwC3NDCK,0.37610048360763526
uJN3VC,0.6942434208726377
ddpLPfmBUhE8,0.31137476526157015
fzeWu51Q4QuVTla,0.5034821068290735
fvSIo2aurRj,0.3411010912994499
pyX35IIVQv,0.7395120326351219
dQVB6A9h0_KryR,0.4399531708341778
r7Vy_BthlVa,0.5597450723611999
g9_OxarnRqOAUn,0.3858742368461696
ggTTeHtNw,0.6722297573809689
vl0z1u62IL7Ncl,0.42539911302530886
cMTZSE9okk6j,0.7217672367415197
cVMSpkU44YuFaiO,0.26811583852777665
eXJsfS4am8,0.7034945000581581
fK2wqVJGT54gvuS,0.41955768783329545
g_7Cf1tdhiKEw,0.47444449273155404
ijar9VeLK4,0.42936326501686756
pUprG6dM1MR28N,0.7024296973337466
cD1ky1p0WKII,0.22414630630136312
j33ihpdbJfzq,0.5422583488806642
gdcPCRZS1KRaNEl,0.41974852988115596
jKh48a2sGpRjq9w,0.7032912662056006
dybfWfXJkjMWp6m,0.3480222988855491
mb87K0Eu,0.5612751342063688
cHVnuIJXPd3,0.4808010274871612
vCHJ0rxd67g4n,0.756840169556138
x5SMTJGkkeDi,0.3904331039650457
wnkxDbh7vs,0.531607925861497
xyYqXBEp0k,0.32919228169347875
cKpMlHgzd5JF,0.45518481769350516
cAX9NIcworqhMwk,0.4240643203478784
neXKBk6SLTROsGY,0.5539832595346168
l4LbQ_rAPqo2wp,0.3570452642464417
leAuT8UVoh,0.5752858126531765
lkVUsvC,0.5227673100229362
iQUdHRtlB2aDAaa,0.6327173700517837
pFa_fJWIYmn26,0.5027961662624755
gKZLwiSdGbry7Bu,0.6194933514498516
qhFO5DM8,0.2929266686078353
qCWDGt1jTJKy,0.6422276211375796
lStXf77DFFOqMd3,0.26979951983140166
dbIgDrjqsiBH7PT,0.6457643772187284
rrHJMC,0.2627440805910589
pcGQnQhVkvlw,0.6957059444838649
SZVNvirefQ,0.4229379139416329
uDoxDKkYcHtYqDP,0.6625710164996341
f5Q6F6wbjkS7eB,0.36259899591263756
bz1PWe6KVzo_,0.5768608301080526
wvYJS,0.4850260950201904
qfMgVgNMKi8,0.5050801045542149
rm8V3WUBLNPcNd,0.2803304568212276
vLip1w96w,0.5811513564924206
ldLp3tX6WwVoYA,0.2823509463867642
kNoQsElQpQf_RYl,0.7279912229167544
bRahtGwx06RIgV,0.4290534271894361
vb0ehNa03FWhOZ,0.7804296521466026
sDsjR2Vs,0.5239042659434904
s3eg4rQM0hUjI5,0.6576366445888799
duTyIJwiyzO,0.2640647695925867
usnrPoAY7EtidZb,0.7399393230231894
gEnjmX,0.3562338509766449
xVhkxgncICyjq2G,0.5466570270044316
kOLV4M,0.41519335780132877
ntS__KSkdt,0.47580020508606685
xw557gPj,0.3350901279600423
bc2JTIhYY,0.7310121598586916
qlKI02RO5,0.32775223273096327
mwt9IvKkgihyVg,0.6112335786455555
o_2CP5H6tSIq,0.3079308511850578
ww8iMNDT_,0.6659601729944169
iwmsilgt0,0.4142878352192732
qgzfcSjr2V7C7XW,0.6695379531300806
fAa1yL,0.3507085440407643
sSUxiobquj5z,0.6492365381680425
r9cvqC_bCK,0.517138402188512
ctt9wSzU,0.6841242468672472
koANc79xbaU,0.27038884196045726
eStcdoaCX0edZEn,0.7343292072802303
dSbrVC1yK1,0.2875252849672377
x7SBHD9X1eHlJ,0.5958466944099258
scEm_uvwbKCo8b,0.34842778971310373
rDE4VBM1KSBgNog,0.5439162629024202
ibTZjZXzX,0.27365268955444083
wFTXq0A_7dlI,0.5424762222179316
qr7E3hhIRDA,0.4877450412981281
vth60A9DZpITQwF,0.7320465751163687
xiVQl71NdsN,0.34878593658255275
qEjqrtfo6__TzlC,0.754381772144929
q6BmRqY8,0.5281909410102239
hxhuC,0.6876242907802038
oKnBkyygjJeT4OZ,0.3590773401957353
kwHvh5kx1gxCsxt,0.6634979408803983
iM_uxYt,0.3529151092936426
n2NtPc9V60N43pn,0.6210373368777872
uclv3vj26Htvx,0.3958024577146602
cSNLPluX9b,0.6031470605988556
tEiy9TJHjW3,0.3583109351292212
hXK1u_iX,0.7120882560383299
v_CYAAKqoA,0.41698020253803547
l2lUKGt,0.5502402774364452
kJOrxGDpuWsjI,0.38605905997811574
eFkbfv5Wsu,0.5402266529415218
jtTIHLIvgGACAOL,0.2982918138872673
uPhLdbgaOUK,0.6407777961969292
veWx,0.5712956396803713
tiP6DJB7jKZYQ4K,0.7734389749397677
rTAtdSKpn0ibs,0.3640525978855119
ll4cOgXjKVU,0.6321447226440814
qq17HLnA,0.4464415943861571
ivohGrJy0rBBNh,0.7154928850080872
oFzVcyImHcHmCci,0.5321913149579388
qKpbtTNwXk_Ly,0.7244860276251656
xXLQ_F27UU8XEM,0.49028967410857316
ruQ6EDoSy7tKwr,0.6857536746401609
RtswG0wspvBoC,0.4528708657416207
nP4Ww2qQd,0.5993493821956992
eEfme1LGf2z,0.35389533215059504
HRl8jtY6xwI,0.7847024787602213
q659DpeVQKNpP,0.34492908156658286
cvkdwkXe8,0.5091222202356904
wf8lU7nil9B_,0.43850192365135665
xh8Csv8C,0.5972475585857583
dRKq_MPXqfR3u0,0.33375589810868833
qwtg184xmOxmeMj,0.7604934974821129
uYicBamGKrn,0.35395592372425705
urXbj7,0.6867268993795663
I4iWXQ_UD,0.307866060090855
hicLarOMuOlI_,0.7000893734165157
t_Q4earc4mshOH,0.2819344357051937
wpHaf0yStnI,0.5914876162921089
bebChK7PskxB,0.4092532985523696
rCjuqQvpZLHx,0.6869391052584692
tFtBExRJBk,0.404094997850067
ikiFPHMmtaGdLW,0.6764397390512203
fGlr0YAbXbu7,0.24728674386229405
fa3GwVtFA4b,0.7163785448230785
mOELHlQ4gFwNOEt,0.3016523248129821
g3jE7iCVr,0.6539569505557283
m4BlcVeCGQo,0.45247621980194164
iWpBhtqZOjD_0dp,0.7789587490771597
ge9ua7b,0.4765696643004986
t91GK,0.5177796111187509
oiUjFDYis,0.2761710115770027
b0GiwFwd_DE6,0.7029856100303341
bgfywlOA6,0.4973842412749255
czRPoHX3E_B3,0.6283464781387875
jfiiez8DlFjqifd,0.28384506518078795
fE28aNayZ3KZ2,0.5666072437622259
xlqXUr9VIFwMh,0.33354516627608227
o01Bk7QsMt4Ou7f,0.7071941732149255
d2PJ4eiYZ,0.2817101680933973
