qx4t_VX,0.5523041215222037
lqUk0B5gSO7xhrB,0.44828099454690495
k1SRruhluiyxrCz,0.710201477995957
pfNV4m9ZJyKG,0.4205144643536875
cF6s51G2P47S,0.6938893763562832
f2qgfAlnfxiB7qN,0.4722677453377784
jqU4TUUPEu,0.4170804854340777
jq_clN3FEX,0.3774710128592957
mZtJDzlu_cOra2,0.6958965047098348
fsW5dXZGGIQEs0,0.2669879983216266
l1EluZVQ5W74Rtk,0.6263099811223188
cksHQYVrFx,0.41262093593514965
caLFQL2FEUZ,0.610197015893218
jVHKJGZ,0.5033251247874411
xyUJSebBNSu,0.7898315355994129
7VbnLI9dA,0.37082556371796016
kseppzcENc8pfy,0.5656625779529709
rkaQSdk_xTqaz1,0.4164162115765049
nj4TXaS6Zkcl7X,0.6719965743756916
g4UG1YQEnmo,0.37703916566701245
FFGCSVhmpAbS1JS,0.6406127588963457
xY_hl3ftgFJ6,0.36483333917490873
n0Wd1LVPb,0.6322032701526951
sq24HfcN3u,0.4660811219533017
kABBqs5cM25,0.5607078114119106
oWgvq_17Z,0.3601403831469049
dSTN2xwatF5Txs0,0.6473159536350818
uVsKRmP4jDp,0.3491424410971519
qLaMChw1e,0.4943514888447782
dg39qWQ0x8bYHtr,0.35382799050946023
l5TUbzeWJ3Y5,0.5532782837901121
wrCJ0vrCrn5S5C,0.33109343223429133
_UqnfSjiEX,0.642485900763616
o96a5AxEzogl8p,0.27555095189478424
dX2JIpS5Wjevq,0.7089192604530784
rJfaWxNGeU,0.3259440474853364
kBszzoYUVMl,0.5985476803664146
p4YAU5efy,0.36879989347533965
m_7_ghXxwtnJ,0.6908616330805584
r6BNc5VJDHLco8D,0.3463660216707309
eKzjEwUj0h,0.5037799408803768
pU4SxhlN6,0.3901712947615201
hFAPzG5Bmiz,0.6545527991626378
nxLPgTw2lg,0.26439008964106114
bnAa0F2Y5VRG4,0.4936823277404728
g336FaT2YhXw,0.37077542911163097
Ro3m1WbZfOyGi,0.6055478494133079
iQAEvwou6mB,0.35467661518857446
oqg9mdTD9WnS,0.49466340994323704
k2dEdXL,0.2545174742845565
tKjCAHusd9,0.49434562463383874
v5Ct2qy5iTwzgeM,0.37759300471182455
folDdnr,0.571755601046422
wykBSRFBt,0.34709017714759166
xRmLtYAYJ5,0.6365767615500189
u98bUzGHLXgXO4S,0.4673863632548601
mIS9QmnxTykHnkS,0.632971504308654
lcbgxhwH,0.497517692092723
sCMvPIvmtBW3,0.6891799858290024
jyzUXkRYN,0.3795518099831783
7_kg7BsyyTy8,0.552154038336864
r5KBXKHgz4A,0.4000580992407666
ntPzsU7V,0.5717508132119546
tXiQomcH64W3,0.38268438282655576
b8QbCYl,0.623272108628582
hzOAn1MqNd,0.3284620645614957
pCMjram,0.6903963178255065
jNrMqx8XNTHm5K,0.25654933272059943
n4FRyH4lcbEiHVM,0.6171056719897073
bLGuM9uvR3Ogqo4,0.4861384764649398
jw09IIGPHPy,0.5534802400185487
k0eeWvWBD,0.2643024199250286
fo9U2QjN2t,0.6654712031153559
vuXgijpIg,0.41062895280578715
fmT904TjDcsE,0.6334650174895288
rQInjjREosu,0.3321886390329677
w_JvQuPvO6_Goqs,0.7051945453307576
iLzKpKGGrSvlh,0.3051858338049151
l7AyNLcqXS85hCp,0.6638101355221658
wizae58MiTmGe,0.45706604522547956
qtQmgAdMbsnDNB,0.5874903503813083
lYUYC0uJF19Ka,0.3948233579243601
nWfN7yBL9vY,0.5214644518703226
qhV6DmemqXKprwU,0.3303037623984925
nINcNi304N,0.5509742076660336
tNkY83vbE,0.269747141517521
sLwlzEVoQ2fv,0.5018632413388445
meYmBMa,0.39728103433446055
jtyblBelXcgIT85,0.561379290844957
bwYxTvd6pj,0.2782815406242539
xAb8zbMHstS,0.4331367679053023
eHGzDKHpMI,0.3225505457065148
dnzfDT5wY1k5o8,0.6740984264151005
o4d_ZMCaPR669,0.29239551223484633
kxjmGxSdj3tHi,0.6411367790644371
dfHWc2_qwC3NDCK,0.36249397961312724
uJN3VC,0.686092479134343
ddpLPfmBUhE8,0.31795928016582703
fzeWu51Q4QuVTla,0.4972599425851016
fvSIo2aurRj,0.33701045825150855
pyX35IIVQv,0.7279510287302408
dQVB6A9h0_KryR,0.43765263802104387
r7Vy_BthlVa,0.5882535777404581
g9_OxarnRqOAUn,0.3820539880592191
ggTTeHtNw,0.6572070498177509
vl0z1u62IL7Ncl,0.4125318427624659
cMTZSE9okk6j,0.704216184435162
cVMSpkU44YuFaiO,0.28806299472160285
eXJsfS4am8,0.6870609667670499
fK2wqVJGT54gvuS,0.4271272720462569
g_7Cf1tdhiKEw,0.48687249766754975
ijar9VeLK4,0.41669200707446014
pUprG6dM1MR28N,0.6852408171885416
cD1ky1p0WKII,0.23570505866092253
lidbdt,0.5864440351014784
hZJVerES,0.3473674944692483
hCX3ND,0.548215888427473
brLupKkBSjAvYfj,0.3806807319586689
bAkRNyg7Fceb,0.7312251881479215
hfchSKPX25emwy,0.3114138901739307
v3nE3bWaUq,0.6234235212355362
hAYtV3a,0.506018093759758
kjBLh4vEyTTkaJI,0.5358696856702367
h6uymsrX6mbFlh,0.3796863791437572
ioY8SXeZ4O,0.5572349917017774
gs0oICfYwquGoVz,0.27513472482820855
JYCWB2ej5lrw,0.6073686631573978
f5ndxWrZKIE,0.4994946243448976
k2A8t8IGuXAQg,0.700424012822191
wVyVdyXBJi1s,0.3969320235030467
rvmqAcBd6rBPmv,0.5016858858115267
rqH6uvD9RGX,0.3604416480455168
efcONMPzgk9hV_z,0.592067956797457
szH3rmr6ysC,0.38117977075416404
oe2Lc97,0.6272062599684847
dMRTIPTVKC0FRR,0.35514456314534143
p7eTalN7koz,0.5547430204163714
fFRVeo1I,0.4648540663643938
dFJ7PnU,0.5345148142958148
oHuBNnwz,0.41643070048112957
nhcJCpQck,0.5897710122059613
jpA80RCT8ljL9e,0.305470132011674
bz1PWe6KVzo_,0.5858750752568119
wvYJS,0.4544955462412141
qfMgVgNMKi8,0.508641831612775
rm8V3WUBLNPcNd,0.2870204058747954
vLip1w96w,0.582881756468958
ldLp3tX6WwVoYA,0.28835460298902543
kNoQsElQpQf_RYl,0.7059584370898937
bRahtGwx06RIgV,0.41975048123986775
vb0ehNa03FWhOZ,0.7739649601702648
sDsjR2Vs,0.5094661281076364
s3eg4rQM0hUjI5,0.6624291027955993
duTyIJwiyzO,0.27153195297416594
usnrPoAY7EtidZb,0.7440715409245376
gEnjmX,0.34406216297609793
xVhkxgncICyjq2G,0.5187470313725238
kOLV4M,0.38797196322679905
ntS__KSkdt,0.4967513187532491
xw557gPj,0.3425780126759194
bc2JTIhYY,0.7448532329550865
qlKI02RO5,0.3319611489024106
mwt9IvKkgihyVg,0.6159755137116967
o_2CP5H6tSIq,0.31063525418383275
ww8iMNDT_,0.6817063168447453
iwmsilgt0,0.41700086240975204
qgzfcSjr2V7C7XW,0.6448632802215336
fAa1yL,0.3778968717762268
sSUxiobquj5z,0.640721720658618
r9cvqC_bCK,0.5065349979879712
ctt9wSzU,0.6720072197167462
koANc79xbaU,0.2595349888838455
eStcdoaCX0edZEn,0.7248948885865546
dSbrVC1yK1,0.291064481163689
x7SBHD9X1eHlJ,0.6082908056254991
scEm_uvwbKCo8b,0.3440743762854581
rDE4VBM1KSBgNog,0.536066451566286
ibTZjZXzX,0.29715935175001085
wFTXq0A_7dlI,0.5429929076607053
qr7E3hhIRDA,0.5178159335293078
vth60A9DZpITQwF,0.703833741344605
xiVQl71NdsN,0.3299080492484899
qEjqrtfo6__TzlC,0.7611342686794119
q6BmRqY8,0.5219952632946676
hxhuC,0.6976480854714031
oKnBkyygjJeT4OZ,0.3642158791112166
kwHvh5kx1gxCsxt,0.663202555539963
iM_uxYt,0.3642608056206901
n2NtPc9V60N43pn,0.6095380371709879
uclv3vj26Htvx,0.39874984559595844
cSNLPluX9b,0.6248279142719774
tEiy9TJHjW3,0.3777197120398705
hXK1u_iX,0.7014554413048508
v_CYAAKqoA,0.40223093300951435
l2lUKGt,0.5385417556487105
kJOrxGDpuWsjI,0.3873194020343798
eFkbfv5Wsu,0.5411957243434123
jtTIHLIvgGACAOL,0.31393704659632277
uPhLdbgaOUK,0.6429805391135505
veWx,0.549399682762131
tiP6DJB7jKZYQ4K,0.7604512757211879
rTAtdSKpn0ibs,0.37365448554023406
ll4cOgXjKVU,0.665076054686998
qq17HLnA,0.4398956840586367
ivohGrJy0rBBNh,0.6984329468895265
oFzVcyImHcHmCci,0.5384652476521753
qKpbtTNwXk_Ly,0.7236211699183396
xXLQ_F27UU8XEM,0.4897723081762765
ruQ6EDoSy7tKwr,0.7006557885165414
RtswG0wspvBoC,0.42949432970635
nP4Ww2qQd,0.6210698089161993
eEfme1LGf2z,0.3632460878186477
HRl8jtY6xwI,0.785117743781737
q659DpeVQKNpP,0.3604324863440436
cvkdwkXe8,0.5121713393694555
wf8lU7nil9B_,0.44976407842198085
xh8Csv8C,0.5892850268336426
dRKq_MPXqfR3u0,0.33519748070739147
qwtg184xmOxmeMj,0.7530429414028644
uYicBamGKrn,0.3498949477354289
urXbj7,0.6768844844993924
I4iWXQ_UD,0.2958736828188242
hicLarOMuOlI_,0.7024179610988021
t_Q4earc4mshOH,0.2696796363390662
wpHaf0yStnI,0.5759957445099396
bebChK7PskxB,0.4336952787076953
rCjuqQvpZLHx,0.6700106678129846
tFtBExRJBk,0.37782325834703656
ikiFPHMmtaGdLW,0.6923141752899364
fGlr0YAbXbu7,0.2605200559250047
fa3GwVtFA4b,0.7107078687716702
mOELHlQ4gFwNOEt,0.31941816005428997
g3jE7iCVr,0.6261038201569717
m4BlcVeCGQo,0.4474968395235268
iWpBhtqZOjD_0dp,0.7750552895617304
ge9ua7b,0.47043953433953734
t91GK,0.5588542658561135
oiUjFDYis,0.3117279380884606
b0GiwFwd_DE6,0.702832908379881
bgfywlOA6,0.49686028307260544
czRPoHX3E_B3,0.6222960402338952
jfiiez8DlFjqifd,0.2802088244509484
fE28aNayZ3KZ2,0.5909153311924591
xlqXUr9VIFwMh,0.33573741515197775
o01Bk7QsMt4Ou7f,0.7071075535521043
d2PJ4eiYZ,0.2887424449360181
