qx4t_VX,0.5434411775819916
lqUk0B5gSO7xhrB,0.46365163262552034
k1SRruhluiyxrCz,0.7014433874998399
pfNV4m9ZJyKG,0.416160729644601
cF6s51G2P47S,0.678476114964425
f2qgfAlnfxiB7qN,0.4770718845099124
jqU4TUUPEu,0.4192385868132744
jq_clN3FEX,0.387630425469689
mZtJDzlu_cOra2,0.6964742174347691
fsW5dXZGGIQEs0,0.24665580445420013
l1EluZVQ5W74Rtk,0.6117519323601592
cksHQYVrFx,0.42879455764127905
caLFQL2FEUZ,0.6058554679810999
jVHKJGZ,0.513264530262801
xyUJSebBNSu,0.767449452413266
7VbnLI9dA,0.3682937857966021
kseppzcENc8pfy,0.5689534546021192
rkaQSdk_xTqaz1,0.4115494524074178
nj4TXaS6Zkcl7X,0.6780145859755885
g4UG1YQEnmo,0.3511276893116054
FFGCSVhmpAbS1JS,0.642304403907157
xY_hl3ftgFJ6,0.3511103791167435
n0Wd1LVPb,0.6308868409650136
sq24HfcN3u,0.44787964902014304
kABBqs5cM25,0.5664788956934232
oWgvq_17Z,0.3594831997881051
dSTN2xwatF5Txs0,0.6649582101993814
uVsKRmP4jDp,0.3527946744710214
qLaMChw1e,0.5170365112959849
dg39qWQ0x8bYHtr,0.3338476811407538
l5TUbzeWJ3Y5,0.5480795214097302
wrCJ0vrCrn5S5C,0.3175300964224844
_UqnfSjiEX,0.6604181991678573
o96a5AxEzogl8p,0.2925291712045309
dX2JIpS5Wjevq,0.7118381522310057
rJfaWxNGeU,0.3033428738461165
kBszzoYUVMl,0.5870067698561333
p4YAU5efy,0.3487131026435215
m_7_ghXxwtnJ,0.6950292911981267
r6BNc5VJDHLco8D,0.3400612576219801
eKzjEwUj0h,0.5221983344497175
pU4SxhlN6,0.41053111096139294
hFAPzG5Bmiz,0.6535269949659609
nxLPgTw2lg,0.2712095863926177
bnAa0F2Y5VRG4,0.46923725381804815
g336FaT2YhXw,0.35062899617562476
Ro3m1WbZfOyGi,0.6027800915554228
iQAEvwou6mB,0.3451460169953163
oqg9mdTD9WnS,0.5087620309262922
k2dEdXL,0.24048184249404492
tKjCAHusd9,0.48002093719533345
v5Ct2qy5iTwzgeM,0.3978118155494551
folDdnr,0.5963839309630331
wykBSRFBt,0.35300526865956083
xRmLtYAYJ5,0.62440474588717
u98bUzGHLXgXO4S,0.48586080831484524
mIS9QmnxTykHnkS,0.6225965861522088
lcbgxhwH,0.5209786448792115
sCMvPIvmtBW3,0.697522741078755
jyzUXkRYN,0.3861170008942908
7_kg7BsyyTy8,0.5349613923785214
r5KBXKHgz4A,0.4145232745560257
ntPzsU7V,0.5828158632131999
tXiQomcH64W3,0.3854677959261705
b8QbCYl,0.6481444529775693
hzOAn1MqNd,0.3472828096991333
pCMjram,0.6786819936434347
jNrMqx8XNTHm5K,0.25165778427301255
n4FRyH4lcbEiHVM,0.6243469819864561
bLGuM9uvR3Ogqo4,0.4848580933254072
jw09IIGPHPy,0.542678198011383
k0eeWvWBD,0.26682412728186267
fo9U2QjN2t,0.687852559839595
vuXgijpIg,0.4242884659774223
fmT904TjDcsE,0.6550011878155472
rQInjjREosu,0.3295193265432838
w_JvQuPvO6_Goqs,0.7240032836853975
iLzKpKGGrSvlh,0.288202800943017
l7AyNLcqXS85hCp,0.6853806490546773
wizae58MiTmGe,0.4631890651310196
qtQmgAdMbsnDNB,0.6097629535282318
lYUYC0uJF19Ka,0.38871933775947437
nWfN7yBL9vY,0.49468537734428464
qhV6DmemqXKprwU,0.3151380305943182
nINcNi304N,0.5482159798222951
tNkY83vbE,0.28589460833927594
sLwlzEVoQ2fv,0.5074025816096218
meYmBMa,0.41692803111749827
jtyblBelXcgIT85,0.5704934588637903
bwYxTvd6pj,0.2884729591270922
xAb8zbMHstS,0.44811434231515584
eHGzDKHpMI,0.3136235312370812
dnzfDT5wY1k5o8,0.6658892050568577
o4d_ZMCaPR669,0.3186673666441526
kxjmGxSdj3tHi,0.655773657473825
dfHWc2_qwC3NDCK,0.35629123185663086
uJN3VC,0.693398630347256
ddpLPfmBUhE8,0.3213706975693812
fzeWu51Q4QuVTla,0.5177070756217125
fvSIo2aurRj,0.35467017788825367
pyX35IIVQv,0.7325735134101555
dQVB6A9h0_KryR,0.44709690607642677
r7Vy_BthlVa,0.6011032170634519
g9_OxarnRqOAUn,0.38004306775007113
ggTTeHtNw,0.6749536811011448
vl0z1u62IL7Ncl,0.4179435993510045
cMTZSE9okk6j,0.7076712052073924
cVMSpkU44YuFaiO,0.27096859986255845
eXJsfS4am8,0.6897738267931255
fK2wqVJGT54gvuS,0.4522533319126441
g_7Cf1tdhiKEw,0.4654068470962233
ijar9VeLK4,0.4133630857604227
pUprG6dM1MR28N,0.6866404664932081
cD1ky1p0WKII,0.22115919888404767
lidbdt,0.5874939608546875
hZJVerES,0.3498943453958856
hCX3ND,0.5223885835395902
brLupKkBSjAvYfj,0.3894184349669616
bAkRNyg7Fceb,0.7383597823241662
hfchSKPX25emwy,0.3338105324779595
v3nE3bWaUq,0.6083619461745849
hAYtV3a,0.5160849154824289
kjBLh4vEyTTkaJI,0.550479024329103
h6uymsrX6mbFlh,0.35737096518038963
ioY8SXeZ4O,0.5406322283039504
gs0oICfYwquGoVz,0.2573922389845224
JYCWB2ej5lrw,0.6312927110957791
f5ndxWrZKIE,0.5069450637992717
k2A8t8IGuXAQg,0.6829787120099683
wVyVdyXBJi1s,0.4128839708287002
rvmqAcBd6rBPmv,0.490887964833637
rqH6uvD9RGX,0.3406805778543352
efcONMPzgk9hV_z,0.6187869359499172
szH3rmr6ysC,0.3998511589584968
oe2Lc97,0.610809596358305
dMRTIPTVKC0FRR,0.3406281915606661
p7eTalN7koz,0.5410465843455365
fFRVeo1I,0.46809289387264363
dFJ7PnU,0.531093046956211
oHuBNnwz,0.43942753443063515
nhcJCpQck,0.5915086116043934
jpA80RCT8ljL9e,0.3035862069279775
j33ihpdbJfzq,0.5266112957095647
gdcPCRZS1KRaNEl,0.41791701005450915
jKh48a2sGpRjq9w,0.6899446168326304
dybfWfXJkjMWp6m,0.3364695354665267
mb87K0Eu,0.5633228613121544
cHVnuIJXPd3,0.4931199717701387
vCHJ0rxd67g4n,0.7564912092931692
x5SMTJGkkeDi,0.38677757990046524
wnkxDbh7vs,0.5319581108589841
xyYqXBEp0k,0.33264528348687217
cKpMlHgzd5JF,0.4682914817230454
cAX9NIcworqhMwk,0.4267497461436905
neXKBk6SLTROsGY,0.5440106612557445
l4LbQ_rAPqo2wp,0.3512782543600481
leAuT8UVoh,0.5680329134033052
lkVUsvC,0.5137555500580786
iQUdHRtlB2aDAaa,0.6126045935626083
pFa_fJWIYmn26,0.5124628546190496
gKZLwiSdGbry7Bu,0.609095054094326
qhFO5DM8,0.30573264727020827
qCWDGt1jTJKy,0.6437324284736412
lStXf77DFFOqMd3,0.2770435492193376
dbIgDrjqsiBH7PT,0.6536468921026606
rrHJMC,0.26196266124652734
pcGQnQhVkvlw,0.6974259831478178
SZVNvirefQ,0.434988040367523
uDoxDKkYcHtYqDP,0.662571528385625
f5Q6F6wbjkS7eB,0.35078447641933336
ctt9wSzU,0.6685779234678931
koANc79xbaU,0.2745049319447486
eStcdoaCX0edZEn,0.7283812082647102
dSbrVC1yK1,0.28788312370203584
x7SBHD9X1eHlJ,0.5977625174171032
scEm_uvwbKCo8b,0.3630996879967442
rDE4VBM1KSBgNog,0.5500498908274318
ibTZjZXzX,0.2959052720164935
wFTXq0A_7dlI,0.5306915739216879
qr7E3hhIRDA,0.5093348170574655
vth60A9DZpITQwF,0.720706184743948
xiVQl71NdsN,0.34274037233187654
qEjqrtfo6__TzlC,0.759772520005383
q6BmRqY8,0.5293506715788279
hxhuC,0.7027312611573475
oKnBkyygjJeT4OZ,0.35657212433448404
kwHvh5kx1gxCsxt,0.6737663452072886
iM_uxYt,0.36535923858680464
n2NtPc9V60N43pn,0.6115193664991959
uclv3vj26Htvx,0.38737888816679616
cSNLPluX9b,0.5987297296052283
tEiy9TJHjW3,0.359200527046101
hXK1u_iX,0.6981324155483494
v_CYAAKqoA,0.41250580260264963
l2lUKGt,0.5408044763975657
kJOrxGDpuWsjI,0.39436881690041675
eFkbfv5Wsu,0.5330242936160736
jtTIHLIvgGACAOL,0.3099348688417843
uPhLdbgaOUK,0.6380316696450646
veWx,0.5703898432411264
tiP6DJB7jKZYQ4K,0.7707296157505978
rTAtdSKpn0ibs,0.364588606289575
ll4cOgXjKVU,0.6531981652211032
qq17HLnA,0.4414389869659759
ivohGrJy0rBBNh,0.7093840619110715
oFzVcyImHcHmCci,0.5535733432559361
qKpbtTNwXk_Ly,0.7229567047442509
xXLQ_F27UU8XEM,0.5150672952972236
ruQ6EDoSy7tKwr,0.6922408950420883
RtswG0wspvBoC,0.4466302917973593
nP4Ww2qQd,0.6066118403981485
eEfme1LGf2z,0.3439362350802794
HRl8jtY6xwI,0.7582707629739187
q659DpeVQKNpP,0.34024253867102805
cvkdwkXe8,0.5127817208160335
wf8lU7nil9B_,0.4503584535929942
xh8Csv8C,0.6066776049616309
dRKq_MPXqfR3u0,0.3256473676280703
qwtg184xmOxmeMj,0.764533472222612
uYicBamGKrn,0.366580582018836
urXbj7,0.6902368387774869
I4iWXQ_UD,0.31778663125003037
hicLarOMuOlI_,0.6975364102062592
t_Q4earc4mshOH,0.2888423899604772
wpHaf0yStnI,0.5813705659184842
bebChK7PskxB,0.42184423907396434
rCjuqQvpZLHx,0.6783883904794461
tFtBExRJBk,0.3811291184998132
ikiFPHMmtaGdLW,0.685465473951165
fGlr0YAbXbu7,0.27193390431326786
fa3GwVtFA4b,0.7090438514534172
mOELHlQ4gFwNOEt,0.297891289202226
g3jE7iCVr,0.6434597045322076
m4BlcVeCGQo,0.44466460815383996
iWpBhtqZOjD_0dp,0.7746137904567535
ge9ua7b,0.48778129315828916
t91GK,0.5390183723085679
oiUjFDYis,0.28344303333828813
b0GiwFwd_DE6,0.6943948343192763
bgfywlOA6,0.5162513264719386
czRPoHX3E_B3,0.6388153007718234
jfiiez8DlFjqifd,0.293729765704537
fE28aNayZ3KZ2,0.5808884777177631
xlqXUr9VIFwMh,0.3300784876868799
o01Bk7QsMt4Ou7f,0.7193359518972929
d2PJ4eiYZ,0.3004631942418884
