qx4t_VX,0.5797420507764056
lqUk0B5gSO7xhrB,0.44719262219259875
k1SRruhluiyxrCz,0.7057913445475443
pfNV4m9ZJyKG,0.4495852105674071
cF6s51G2P47S,0.6907680796392837
f2qgfAlnfxiB7qN,0.46440353504487164
jqU4TUUPEu,0.4090264130441424
jq_clN3FEX,0.38581862574507153
mZtJDzlu_cOra2,0.6929431850835068
fsW5dXZGGIQEs0,0.2645074913313243
l1EluZVQ5W74Rtk,0.6479425319234203
cksHQYVrFx,0.41475651336306607
caLFQL2FEUZ,0.6014491041800788
jVHKJGZ,0.514540628763131
xyUJSebBNSu,0.7784043265069468
7VbnLI9dA,0.361915425667469
kseppzcENc8pfy,0.5612191650669842
rkaQSdk_xTqaz1,0.4051725737373919
nj4TXaS6Zkcl7X,0.6458477019057058
g4UG1YQEnmo,0.3569522069092589
FFGCSVhmpAbS1JS,0.6384524303204517
xY_hl3ftgFJ6,0.3544974340834479
n0Wd1LVPb,0.625426198928562
sq24HfcN3u,0.4496550971937688
kABBqs5cM25,0.5644149515309912
oWgvq_17Z,0.3571221124656134
dSTN2xwatF5Txs0,0.6440400425606764
uVsKRmP4jDp,0.35815612678690956
qLaMChw1e,0.5359225036853728
dg39qWQ0x8bYHtr,0.34177898734790396
l5TUbzeWJ3Y5,0.5225751694287117
wrCJ0vrCrn5S5C,0.32615242316099774
_UqnfSjiEX,0.6452045999118496
o96a5AxEzogl8p,0.29881470767433777
dX2JIpS5Wjevq,0.7168888201256783
rJfaWxNGeU,0.31183612228798485
kBszzoYUVMl,0.6188102530723558
p4YAU5efy,0.3644067345225273
m_7_ghXxwtnJ,0.7014186565080918
r6BNc5VJDHLco8D,0.34453351662270176
eKzjEwUj0h,0.5110664071164942
pU4SxhlN6,0.3908152408935116
hFAPzG5Bmiz,0.6552347895695041
nxLPgTw2lg,0.26507469208646506
bnAa0F2Y5VRG4,0.5071388063048119
g336FaT2YhXw,0.36161951137308906
Ro3m1WbZfOyGi,0.6127576769008504
iQAEvwou6mB,0.3546675699816931
oqg9mdTD9WnS,0.5082113059484633
k2dEdXL,0.2563781203134025
tKjCAHusd9,0.47564196351281485
v5Ct2qy5iTwzgeM,0.37542472994874027
folDdnr,0.5800530370370103
wykBSRFBt,0.35969086916507115
xRmLtYAYJ5,0.6372525936400315
u98bUzGHLXgXO4S,0.49201154419936327
mIS9QmnxTykHnkS,0.6370616617810723
lcbgxhwH,0.4956864602246554
sCMvPIvmtBW3,0.6844439567815855
jyzUXkRYN,0.3732446738204883
7_kg7BsyyTy8,0.5571189243325101
r5KBXKHgz4A,0.3930036200601696
ntPzsU7V,0.5628686216895047
tXiQomcH64W3,0.3767506787022444
b8QbCYl,0.6178782644434406
hzOAn1MqNd,0.33061461452521484
pCMjram,0.7002769463367848
jNrMqx8XNTHm5K,0.2707260733868656
n4FRyH4lcbEiHVM,0.6048779677128134
bLGuM9uvR3Ogqo4,0.4681311829920657
jw09IIGPHPy,0.5385184763029867
k0eeWvWBD,0.26702067400615614
fo9U2QjN2t,0.6519508285633095
vuXgijpIg,0.4260591276691545
fmT904TjDcsE,0.6472288463544328
rQInjjREosu,0.33400324672550047
w_JvQuPvO6_Goqs,0.7371918210958861
iLzKpKGGrSvlh,0.304124270542148
l7AyNLcqXS85hCp,0.6807911463656194
wizae58MiTmGe,0.45751490579087917
qtQmgAdMbsnDNB,0.6115010123063505
lYUYC0uJF19Ka,0.3892059508023205
nWfN7yBL9vY,0.5077857523629628
qhV6DmemqXKprwU,0.3204345732347888
nINcNi304N,0.5252764686766035
tNkY83vbE,0.2790220248178484
sLwlzEVoQ2fv,0.4915350179985384
meYmBMa,0.4005346695945966
jtyblBelXcgIT85,0.557907320216909
bwYxTvd6pj,0.3126819026423804
xAb8zbMHstS,0.43741266420754965
eHGzDKHpMI,0.3128182026347064
dnzfDT5wY1k5o8,0.6523845183270979
o4d_ZMCaPR669,0.3042914200407909
kxjmGxSdj3tHi,0.6422979508350589
dfHWc2_qwC3NDCK,0.3600530082506853
uJN3VC,0.682153346905097
ddpLPfmBUhE8,0.3356301613460713
fzeWu51Q4QuVTla,0.502308943280627
fvSIo2aurRj,0.34523444813382853
pyX35IIVQv,0.7250148195084312
dQVB6A9h0_KryR,0.44107973455772753
r7Vy_BthlVa,0.5940807908850327
g9_OxarnRqOAUn,0.3860925474985968
ggTTeHtNw,0.647737775568755
vl0z1u62IL7Ncl,0.4100557366907436
cMTZSE9okk6j,0.6963229839413287
cVMSpkU44YuFaiO,0.276634018256572
eXJsfS4am8,0.6984915700584661
fK2wqVJGT54gvuS,0.44846178845155626
g_7Cf1tdhiKEw,0.48340652608256157
ijar9VeLK4,0.416130964411544
pUprG6dM1MR28N,0.6822754973287692
cD1ky1p0WKII,0.22813758423929206
lidbdt,0.6219653320031064
hZJVerES,0.3385795293516582
hCX3ND,0.5388414310034014
brLupKkBSjAvYfj,0.38175813780112583
bAkRNyg7Fceb,0.7296563372192217
hfchSKPX25emwy,0.31949095641786757
v3nE3bWaUq,0.6151169209377833
hAYtV3a,0.5008043545960265
kjBLh4vEyTTkaJI,0.5385646268152128
h6uymsrX6mbFlh,0.38081373178891825
ioY8SXeZ4O,0.5741916264407954
gs0oICfYwquGoVz,0.27961333613098044
JYCWB2ej5lrw,0.6308790816040657
f5ndxWrZKIE,0.49969772351485664
k2A8t8IGuXAQg,0.7015188385547579
wVyVdyXBJi1s,0.38854035705557366
rvmqAcBd6rBPmv,0.507885025939261
rqH6uvD9RGX,0.3465465079615685
efcONMPzgk9hV_z,0.5952656370315884
szH3rmr6ysC,0.38832231308378806
oe2Lc97,0.6438278798160779
dMRTIPTVKC0FRR,0.35878768878026035
p7eTalN7koz,0.5247143474802864
fFRVeo1I,0.4594987593988513
dFJ7PnU,0.5242235155079115
oHuBNnwz,0.41092671976007356
nhcJCpQck,0.5841985718860366
jpA80RCT8ljL9e,0.3034400457430761
j33ihpdbJfzq,0.49795781987734855
gdcPCRZS1KRaNEl,0.4034119714427103
jKh48a2sGpRjq9w,0.6982326838068932
dybfWfXJkjMWp6m,0.3414051188857953
mb87K0Eu,0.5879428434374198
cHVnuIJXPd3,0.4839962357462948
vCHJ0rxd67g4n,0.7548415687017485
x5SMTJGkkeDi,0.38494196975969097
wnkxDbh7vs,0.5459865226899583
xyYqXBEp0k,0.3565872904317913
cKpMlHgzd5JF,0.4835099142279427
cAX9NIcworqhMwk,0.4160930858681854
neXKBk6SLTROsGY,0.5263168059332283
l4LbQ_rAPqo2wp,0.3944827003990784
leAuT8UVoh,0.5616668721775879
lkVUsvC,0.5108946112994284
iQUdHRtlB2aDAaa,0.6401855022731973
pFa_fJWIYmn26,0.5246120343136826
gKZLwiSdGbry7Bu,0.61102371853629
qhFO5DM8,0.3012150036237068
qCWDGt1jTJKy,0.6332927711220235
lStXf77DFFOqMd3,0.26831613370224844
dbIgDrjqsiBH7PT,0.635215417858987
rrHJMC,0.2667227840794339
pcGQnQhVkvlw,0.695647825801769
SZVNvirefQ,0.41774524601364466
uDoxDKkYcHtYqDP,0.6683738732392451
f5Q6F6wbjkS7eB,0.3657115143691891
bz1PWe6KVzo_,0.61131266172033
wvYJS,0.4511239161144283
qfMgVgNMKi8,0.5049332742861283
rm8V3WUBLNPcNd,0.29653117632178555
vLip1w96w,0.5967824107690873
ldLp3tX6WwVoYA,0.2813480749111544
kNoQsElQpQf_RYl,0.7104841875898639
bRahtGwx06RIgV,0.42335769451849997
vb0ehNa03FWhOZ,0.7745371866649072
sDsjR2Vs,0.5107549748059961
s3eg4rQM0hUjI5,0.6683874752056751
duTyIJwiyzO,0.2753659234904149
usnrPoAY7EtidZb,0.7377515139140093
gEnjmX,0.33657614992696505
xVhkxgncICyjq2G,0.5327775973709871
kOLV4M,0.4001267246782937
ntS__KSkdt,0.4900984230690991
xw557gPj,0.3533203181087055
bc2JTIhYY,0.754889935442825
qlKI02RO5,0.34443853508019256
mwt9IvKkgihyVg,0.6072525497877197
o_2CP5H6tSIq,0.2884988143164432
ww8iMNDT_,0.670178305846376
iwmsilgt0,0.40025879018687077
qgzfcSjr2V7C7XW,0.6506272817198777
fAa1yL,0.3942992023249764
sSUxiobquj5z,0.624938969350011
r9cvqC_bCK,0.5028624478166321
eFkbfv5Wsu,0.5420899796104282
jtTIHLIvgGACAOL,0.30571715910773495
uPhLdbgaOUK,0.6439968208811692
veWx,0.5434129814406008
tiP6DJB7jKZYQ4K,0.7560866502741841
rTAtdSKpn0ibs,0.37702295217033827
ll4cOgXjKVU,0.6738859524804109
qq17HLnA,0.419148326098336
ivohGrJy0rBBNh,0.697825235702083
oFzVcyImHcHmCci,0.5343699332590135
qKpbtTNwXk_Ly,0.7142462596407682
xXLQ_F27UU8XEM,0.49463102095411227
ruQ6EDoSy7tKwr,0.7076856984184243
RtswG0wspvBoC,0.42188684795150233
nP4Ww2qQd,0.6202463765791394
eEfme1LGf2z,0.36639670454449175
HRl8jtY6xwI,0.7761458219935421
q659DpeVQKNpP,0.3566482989707138
cvkdwkXe8,0.5166581485145338
wf8lU7nil9B_,0.47246749558144385
xh8Csv8C,0.577576378299041
dRKq_MPXqfR3u0,0.3184199498486025
qwtg184xmOxmeMj,0.7454515053983995
uYicBamGKrn,0.3743527938131711
urXbj7,0.6719731872504958
I4iWXQ_UD,0.3180440030134182
hicLarOMuOlI_,0.684584343829041
t_Q4earc4mshOH,0.29707125746687774
wpHaf0yStnI,0.580596655967983
bebChK7PskxB,0.44953598625575125
rCjuqQvpZLHx,0.6688665163019283
tFtBExRJBk,0.36960655161539085
ikiFPHMmtaGdLW,0.6876279580296878
fGlr0YAbXbu7,0.27425177883755114
fa3GwVtFA4b,0.7082940350047172
mOELHlQ4gFwNOEt,0.3370394650466843
g3jE7iCVr,0.6312547483562717
m4BlcVeCGQo,0.4369399892596717
iWpBhtqZOjD_0dp,0.7783417178172678
ge9ua7b,0.485171694713593
t91GK,0.570662486265617
oiUjFDYis,0.2828178956614575
b0GiwFwd_DE6,0.6952342575678894
bgfywlOA6,0.5141807560206423
czRPoHX3E_B3,0.601610330425839
jfiiez8DlFjqifd,0.30234558951822355
fE28aNayZ3KZ2,0.5869181881175126
xlqXUr9VIFwMh,0.3345973803136558
o01Bk7QsMt4Ou7f,0.7340953443320984
d2PJ4eiYZ,0.29704723498897806
