qx4t_VX,0.5601971307547939
lqUk0B5gSO7xhrB,0.4837437783995691
k1SRruhluiyxrCz,0.7337884133979331
pfNV4m9ZJyKG,0.43503187616572647
cF6s51G2P47S,0.6822283233267094
f2qgfAlnfxiB7qN,0.484660260239743
jqU4TUUPEu,0.41440804331499953
jq_clN3FEX,0.3940844766842942
mZtJDzlu_cOra2,0.6968269600467208
fsW5dXZGGIQEs0,0.2498434648475904
l1EluZVQ5W74Rtk,0.6817146540499502
cksHQYVrFx,0.4239918614223554
caLFQL2FEUZ,0.6166725713393901
jVHKJGZ,0.5231888346232499
xyUJSebBNSu,0.7747984078212341
7VbnLI9dA,0.36557985824552
kseppzcENc8pfy,0.5944029063849587
rkaQSdk_xTqaz1,0.41832410927558056
nj4TXaS6Zkcl7X,0.6764307865853678
g4UG1YQEnmo,0.33249708439100495
FFGCSVhmpAbS1JS,0.6254508932552053
xY_hl3ftgFJ6,0.3474290127792387
n0Wd1LVPb,0.6459925506533569
sq24HfcN3u,0.44551422840727234
kABBqs5cM25,0.5489203603797208
oWgvq_17Z,0.35328666687591764
dSTN2xwatF5Txs0,0.6570051925859973
uVsKRmP4jDp,0.34652643518309745
qLaMChw1e,0.5236053319128708
dg39qWQ0x8bYHtr,0.3374156866348687
l5TUbzeWJ3Y5,0.5490503922739957
wrCJ0vrCrn5S5C,0.3296170230109275
_UqnfSjiEX,0.6590885719659634
o96a5AxEzogl8p,0.28717980653712083
dX2JIpS5Wjevq,0.716889905455676
rJfaWxNGeU,0.32645781229438364
kBszzoYUVMl,0.6014064214006846
p4YAU5efy,0.3693927353498699
m_7_ghXxwtnJ,0.6961168685597723
r6BNc5VJDHLco8D,0.3374351627634953
eKzjEwUj0h,0.5178831049437445
pU4SxhlN6,0.392082928050397
hFAPzG5Bmiz,0.6551430410249661
nxLPgTw2lg,0.2664219047639047
bnAa0F2Y5VRG4,0.489734778297881
g336FaT2YhXw,0.3518425261468314
Ro3m1WbZfOyGi,0.6037148862168829
iQAEvwou6mB,0.3447305945380989
oqg9mdTD9WnS,0.4989812584101647
k2dEdXL,0.2407581814994809
tKjCAHusd9,0.4944324619635657
v5Ct2qy5iTwzgeM,0.38233687092901675
folDdnr,0.5996244226415763
wykBSRFBt,0.3614341304323733
xRmLtYAYJ5,0.6187481930585523
u98bUzGHLXgXO4S,0.47918801743485623
mIS9QmnxTykHnkS,0.6467440802642294
lcbgxhwH,0.505828004876822
sCMvPIvmtBW3,0.700604570795558
jyzUXkRYN,0.39360810408011565
7_kg7BsyyTy8,0.5384508022668555
r5KBXKHgz4A,0.40932252185690865
ntPzsU7V,0.5852941094753528
tXiQomcH64W3,0.38945552982926873
b8QbCYl,0.6359705868396969
hzOAn1MqNd,0.3350137934440071
pCMjram,0.6892998604117043
jNrMqx8XNTHm5K,0.2368044905591048
n4FRyH4lcbEiHVM,0.6386463808902465
bLGuM9uvR3Ogqo4,0.49435800418744996
jw09IIGPHPy,0.5404287425482414
k0eeWvWBD,0.25742826862057444
fo9U2QjN2t,0.6798490556231543
vuXgijpIg,0.4025575654869501
fmT904TjDcsE,0.6442361713152558
rQInjjREosu,0.3285568447552458
w_JvQuPvO6_Goqs,0.7324523893629522
iLzKpKGGrSvlh,0.29182772650973327
l7AyNLcqXS85hCp,0.6806439706336884
wizae58MiTmGe,0.48040176558877984
qtQmgAdMbsnDNB,0.5908330916888562
lYUYC0uJF19Ka,0.40134223682486875
nWfN7yBL9vY,0.5127496622202612
qhV6DmemqXKprwU,0.31990441421030236
nINcNi304N,0.5394272230058793
tNkY83vbE,0.27140217880291373
sLwlzEVoQ2fv,0.5007267153490905
meYmBMa,0.43146094518729683
jtyblBelXcgIT85,0.5690689284869747
bwYxTvd6pj,0.2959229255860637
xAb8zbMHstS,0.44616543534221687
eHGzDKHpMI,0.3064412264303221
dnzfDT5wY1k5o8,0.6840639327341451
o4d_ZMCaPR669,0.2958450348967964
kxjmGxSdj3tHi,0.6687451741529012
dfHWc2_qwC3NDCK,0.3589643543878459
uJN3VC,0.7002441271271344
ddpLPfmBUhE8,0.3376017782770019
fzeWu51Q4QuVTla,0.5149810730316885
fvSIo2aurRj,0.3292665643355333
pyX35IIVQv,0.7414061938365255
dQVB6A9h0_KryR,0.45178231617761777
r7Vy_BthlVa,0.5993576438583692
g9_OxarnRqOAUn,0.372547164569452
ggTTeHtNw,0.6837738626794315
vl0z1u62IL7Ncl,0.407292569205361
cMTZSE9okk6j,0.7199448336681924
cVMSpkU44YuFaiO,0.2847705984065942
eXJsfS4am8,0.7073461608067367
fK2wqVJGT54gvuS,0.4407845361469076
g_7Cf1tdhiKEw,0.47274866559843803
ijar9VeLK4,0.42450804479182247
pUprG6dM1MR28N,0.6927335723197116
cD1ky1p0WKII,0.23915923271460052
lidbdt,0.5750936115987915
hZJVerES,0.324834410756206
hCX3ND,0.5365870702146661
brLupKkBSjAvYfj,0.37773276416643525
bAkRNyg7Fceb,0.741497113640643
hfchSKPX25emwy,0.33581209852303706
v3nE3bWaUq,0.6179615486371693
hAYtV3a,0.5036952293532471
kjBLh4vEyTTkaJI,0.5374434062160702
h6uymsrX6mbFlh,0.3651022511414859
ioY8SXeZ4O,0.550972549439961
gs0oICfYwquGoVz,0.2571678171609955
JYCWB2ej5lrw,0.6418106079536904
f5ndxWrZKIE,0.5200781970239106
k2A8t8IGuXAQg,0.6972706245113087
wVyVdyXBJi1s,0.39403304975611114
rvmqAcBd6rBPmv,0.5058971728475287
rqH6uvD9RGX,0.3465120542365916
efcONMPzgk9hV_z,0.623920322181595
szH3rmr6ysC,0.3965546270789492
oe2Lc97,0.6047663843426675
dMRTIPTVKC0FRR,0.36015284472698555
p7eTalN7koz,0.5441767412435334
fFRVeo1I,0.4634015342501722
dFJ7PnU,0.5415436043043305
oHuBNnwz,0.42994388910905607
nhcJCpQck,0.6066558361833571
jpA80RCT8ljL9e,0.2762048313505999
j33ihpdbJfzq,0.5246655100936226
gdcPCRZS1KRaNEl,0.40835041308898207
jKh48a2sGpRjq9w,0.7108397285303413
dybfWfXJkjMWp6m,0.33716150714547194
mb87K0Eu,0.5809265170338271
cHVnuIJXPd3,0.5077562680772354
vCHJ0rxd67g4n,0.7619003967804904
x5SMTJGkkeDi,0.371521187872483
wnkxDbh7vs,0.5293804044849222
xyYqXBEp0k,0.3355728815234765
cKpMlHgzd5JF,0.49765294181553865
cAX9NIcworqhMwk,0.4089223735864817
neXKBk6SLTROsGY,0.5415916472195234
l4LbQ_rAPqo2wp,0.3583322376798704
leAuT8UVoh,0.5678639792627939
lkVUsvC,0.5236862199339115
iQUdHRtlB2aDAaa,0.6295775640688056
pFa_fJWIYmn26,0.5224823488179027
gKZLwiSdGbry7Bu,0.6226743512757523
qhFO5DM8,0.28840795914564404
qCWDGt1jTJKy,0.6454175257774685
lStXf77DFFOqMd3,0.2761699708385067
dbIgDrjqsiBH7PT,0.6511002985595343
rrHJMC,0.26488233937248146
pcGQnQhVkvlw,0.7193342641783526
SZVNvirefQ,0.42080202011399664
uDoxDKkYcHtYqDP,0.679281650319917
f5Q6F6wbjkS7eB,0.357164194309792
bz1PWe6KVzo_,0.6040961455163636
wvYJS,0.47237108550901763
qfMgVgNMKi8,0.5179121363968474
rm8V3WUBLNPcNd,0.2751583675916412
vLip1w96w,0.6148432667939497
ldLp3tX6WwVoYA,0.2665992450053988
kNoQsElQpQf_RYl,0.7156965174047489
bRahtGwx06RIgV,0.4283706017298427
vb0ehNa03FWhOZ,0.7717443147879463
sDsjR2Vs,0.5209663638263314
s3eg4rQM0hUjI5,0.6690356342714292
duTyIJwiyzO,0.25665051956834783
usnrPoAY7EtidZb,0.7523645454062875
gEnjmX,0.33970146655754824
xVhkxgncICyjq2G,0.5453227721762764
kOLV4M,0.4392259281401934
ntS__KSkdt,0.49052732792514425
xw557gPj,0.3528277365463136
bc2JTIhYY,0.7612922094885003
qlKI02RO5,0.3461258492361291
mwt9IvKkgihyVg,0.6176609342104203
o_2CP5H6tSIq,0.2970447425241891
ww8iMNDT_,0.6876636763918985
iwmsilgt0,0.41304302044566643
qgzfcSjr2V7C7XW,0.6758573785292992
fAa1yL,0.37426426121333445
sSUxiobquj5z,0.6509527625837436
r9cvqC_bCK,0.5228651670848384
ctt9wSzU,0.6835351492383475
koANc79xbaU,0.25774760134032104
eStcdoaCX0edZEn,0.7207198255709334
dSbrVC1yK1,0.28836327596990335
x7SBHD9X1eHlJ,0.5846927953459714
scEm_uvwbKCo8b,0.3493589856072543
rDE4VBM1KSBgNog,0.550560083063939
ibTZjZXzX,0.29331645601808415
wFTXq0A_7dlI,0.5418808993606704
qr7E3hhIRDA,0.5102972991173939
vth60A9DZpITQwF,0.7315814069166799
xiVQl71NdsN,0.3472732012501891
qEjqrtfo6__TzlC,0.7565260030486288
q6BmRqY8,0.5204758401770387
hxhuC,0.704708522422484
oKnBkyygjJeT4OZ,0.36076051680380716
kwHvh5kx1gxCsxt,0.6647428184994069
iM_uxYt,0.37257923654593894
n2NtPc9V60N43pn,0.6049700085592353
uclv3vj26Htvx,0.3886754161166266
cSNLPluX9b,0.6085123335495997
tEiy9TJHjW3,0.3671905140545745
hXK1u_iX,0.7092500582681308
v_CYAAKqoA,0.39813550456125923
l2lUKGt,0.5621052551314097
kJOrxGDpuWsjI,0.37154669609280594
hicLarOMuOlI_,0.6961393509564942
t_Q4earc4mshOH,0.28490622805329124
wpHaf0yStnI,0.5837734579478496
bebChK7PskxB,0.4490118258316119
rCjuqQvpZLHx,0.686448090290529
tFtBExRJBk,0.37733426932483705
ikiFPHMmtaGdLW,0.6820063032372304
fGlr0YAbXbu7,0.2820892215166653
fa3GwVtFA4b,0.710338965703614
mOELHlQ4gFwNOEt,0.30744411275872857
g3jE7iCVr,0.6603591881159246
m4BlcVeCGQo,0.46411379336419395
iWpBhtqZOjD_0dp,0.7828170297124647
ge9ua7b,0.492554673597515
t91GK,0.547433734383568
oiUjFDYis,0.28277665350035686
b0GiwFwd_DE6,0.7102405426512974
bgfywlOA6,0.5188470155719239
czRPoHX3E_B3,0.6406285791933977
jfiiez8DlFjqifd,0.31026628598975825
fE28aNayZ3KZ2,0.588668032118011
xlqXUr9VIFwMh,0.33613526504089786
o01Bk7QsMt4Ou7f,0.7333300885083135
d2PJ4eiYZ,0.2894219486761106
