qx4t_VX,0.5471813317953281
lqUk0B5gSO7xhrB,0.47662289635225324
k1SRruhluiyxrCz,0.7225928933595704
pfNV4m9ZJyKG,0.4527012393864328
cF6s51G2P47S,0.6909660500875253
f2qgfAlnfxiB7qN,0.47185644241606
jqU4TUUPEu,0.42843177741529465
jq_clN3FEX,0.4067040215405515
mZtJDzlu_cOra2,0.6759568152191694
fsW5dXZGGIQEs0,0.2642326834824839
l1EluZVQ5W74Rtk,0.6609853004308474
cksHQYVrFx,0.4103410528420744
caLFQL2FEUZ,0.6070683920433393
jVHKJGZ,0.5196134497755074
xyUJSebBNSu,0.7660559778471049
7VbnLI9dA,0.3650274974713795
kseppzcENc8pfy,0.5649569180115132
rkaQSdk_xTqaz1,0.41193508210250773
nj4TXaS6Zkcl7X,0.655093421716205
g4UG1YQEnmo,0.34966288317760547
FFGCSVhmpAbS1JS,0.6218179681133118
xY_hl3ftgFJ6,0.3472437327532576
n0Wd1LVPb,0.6296546283536479
sq24HfcN3u,0.4653420669200683
kABBqs5cM25,0.5883929474527976
oWgvq_17Z,0.3618605001419306
dSTN2xwatF5Txs0,0.6522685175241665
uVsKRmP4jDp,0.3670436788408712
qLaMChw1e,0.5148212578901648
dg39qWQ0x8bYHtr,0.341192831078276
l5TUbzeWJ3Y5,0.5387282525238359
wrCJ0vrCrn5S5C,0.33315451632633736
_UqnfSjiEX,0.6629557699820284
o96a5AxEzogl8p,0.2832004635961283
dX2JIpS5Wjevq,0.7118105357324152
rJfaWxNGeU,0.3127207170696994
kBszzoYUVMl,0.6102327831171387
p4YAU5efy,0.36760547327688425
m_7_ghXxwtnJ,0.7076519565941313
r6BNc5VJDHLco8D,0.32478833292074377
eKzjEwUj0h,0.5046517342943347
pU4SxhlN6,0.3931744672123667
hFAPzG5Bmiz,0.6571906593876751
nxLPgTw2lg,0.2678542754257611
bnAa0F2Y5VRG4,0.5034848107454158
g336FaT2YhXw,0.3667272850797823
Ro3m1WbZfOyGi,0.606952749033432
iQAEvwou6mB,0.353707778991796
oqg9mdTD9WnS,0.5056001380498932
k2dEdXL,0.2567269128534999
tKjCAHusd9,0.49485658013464545
v5Ct2qy5iTwzgeM,0.3809724846878456
folDdnr,0.5727767643298245
wykBSRFBt,0.36083891219703385
xRmLtYAYJ5,0.6363473136986393
u98bUzGHLXgXO4S,0.4877674066344478
mIS9QmnxTykHnkS,0.6375894807767392
lcbgxhwH,0.49951373014499767
sCMvPIvmtBW3,0.6932631507936138
jyzUXkRYN,0.38345487400910006
7_kg7BsyyTy8,0.5280136097479456
r5KBXKHgz4A,0.4055055903264524
ntPzsU7V,0.5688331669056235
tXiQomcH64W3,0.3889169325874964
b8QbCYl,0.6185541204377647
hzOAn1MqNd,0.33314428658127354
pCMjram,0.6798076308564834
jNrMqx8XNTHm5K,0.2550513139355335
n4FRyH4lcbEiHVM,0.6173971496038864
bLGuM9uvR3Ogqo4,0.4796120924792368
jw09IIGPHPy,0.5298887199982547
k0eeWvWBD,0.2605878284591825
fo9U2QjN2t,0.671886523000985
vuXgijpIg,0.41551154517171823
fmT904TjDcsE,0.669581826223434
rQInjjREosu,0.3454207220301818
w_JvQuPvO6_Goqs,0.7217445875338903
iLzKpKGGrSvlh,0.2959996433224888
l7AyNLcqXS85hCp,0.6788125837432805
wizae58MiTmGe,0.4699003217729953
qtQmgAdMbsnDNB,0.5998498299395036
lYUYC0uJF19Ka,0.38347665698479855
nWfN7yBL9vY,0.5060468629889056
qhV6DmemqXKprwU,0.32647490872513824
nINcNi304N,0.5392337967271152
tNkY83vbE,0.2869764427408442
sLwlzEVoQ2fv,0.49352703375478224
meYmBMa,0.41674434426564694
jtyblBelXcgIT85,0.5636245466795147
bwYxTvd6pj,0.2997514608616686
xAb8zbMHstS,0.4457218755064118
eHGzDKHpMI,0.3069695162159831
dnzfDT5wY1k5o8,0.6667089763245729
o4d_ZMCaPR669,0.29500176081006446
kxjmGxSdj3tHi,0.6536727939210375
dfHWc2_qwC3NDCK,0.34575017690786003
uJN3VC,0.6903679426965801
ddpLPfmBUhE8,0.3281540407204789
fzeWu51Q4QuVTla,0.49160418187269606
fvSIo2aurRj,0.348996939072647
pyX35IIVQv,0.7361424484977954
dQVB6A9h0_KryR,0.43900110756989374
r7Vy_BthlVa,0.5949368990737559
g9_OxarnRqOAUn,0.3812088998367159
ggTTeHtNw,0.6555442305132547
vl0z1u62IL7Ncl,0.4029433750521351
cMTZSE9okk6j,0.6993244471422821
cVMSpkU44YuFaiO,0.27580924921977606
eXJsfS4am8,0.7026372292250032
fK2wqVJGT54gvuS,0.4392396221234741
g_7Cf1tdhiKEw,0.4894063934403892
ijar9VeLK4,0.40892140922011755
pUprG6dM1MR28N,0.6970911534822041
cD1ky1p0WKII,0.23869503749811033
lidbdt,0.6055251522178042
hZJVerES,0.3434670216433872
hCX3ND,0.5260293130918651
brLupKkBSjAvYfj,0.35106838131500384
bAkRNyg7Fceb,0.7410251978038249
hfchSKPX25emwy,0.3161639378617239
v3nE3bWaUq,0.6123146126128349
hAYtV3a,0.49960996571299787
kjBLh4vEyTTkaJI,0.5310713175995482
h6uymsrX6mbFlh,0.380243860670413
ioY8SXeZ4O,0.5675804267312871
gs0oICfYwquGoVz,0.26075678895252336
JYCWB2ej5lrw,0.6397029553772788
f5ndxWrZKIE,0.5125557186599047
k2A8t8IGuXAQg,0.678497743449913
wVyVdyXBJi1s,0.38563684637144424
rvmqAcBd6rBPmv,0.4836061558949508
rqH6uvD9RGX,0.3413829037270532
efcONMPzgk9hV_z,0.6052316946196921
szH3rmr6ysC,0.3866738656582411
oe2Lc97,0.6311208547906595
dMRTIPTVKC0FRR,0.35278834047106405
p7eTalN7koz,0.5327893673085323
fFRVeo1I,0.47702514200522705
dFJ7PnU,0.5386768741212141
oHuBNnwz,0.42112439049964756
nhcJCpQck,0.5886591877777799
jpA80RCT8ljL9e,0.291336530348792
j33ihpdbJfzq,0.5049263322324923
gdcPCRZS1KRaNEl,0.41327753347004326
jKh48a2sGpRjq9w,0.7029323292843781
dybfWfXJkjMWp6m,0.32582736993325645
mb87K0Eu,0.5838839930686651
cHVnuIJXPd3,0.4816963043534711
vCHJ0rxd67g4n,0.7518649663122067
x5SMTJGkkeDi,0.36141384972532264
wnkxDbh7vs,0.5198248979949387
xyYqXBEp0k,0.35230011658353066
cKpMlHgzd5JF,0.47485767977691423
cAX9NIcworqhMwk,0.4139630924466297
neXKBk6SLTROsGY,0.5235077218519699
l4LbQ_rAPqo2wp,0.4008955999079097
leAuT8UVoh,0.5734136126092403
lkVUsvC,0.5115009733575407
iQUdHRtlB2aDAaa,0.6352391038552014
pFa_fJWIYmn26,0.49769865600647545
gKZLwiSdGbry7Bu,0.621513603026963
qhFO5DM8,0.3025392180115925
qCWDGt1jTJKy,0.6428174002569805
lStXf77DFFOqMd3,0.2747283468414539
dbIgDrjqsiBH7PT,0.6270326003064416
rrHJMC,0.26717517082510095
pcGQnQhVkvlw,0.7015199329763026
SZVNvirefQ,0.4184144141737082
uDoxDKkYcHtYqDP,0.6582333450247247
f5Q6F6wbjkS7eB,0.36589533450705275
bz1PWe6KVzo_,0.6198801516769221
wvYJS,0.46990436041411326
qfMgVgNMKi8,0.5054454514632305
rm8V3WUBLNPcNd,0.2906078787951861
vLip1w96w,0.6098025884725404
ldLp3tX6WwVoYA,0.2847331235100905
kNoQsElQpQf_RYl,0.704557317410512
bRahtGwx06RIgV,0.4137700388453059
vb0ehNa03FWhOZ,0.7751073512836663
sDsjR2Vs,0.5246920138085307
s3eg4rQM0hUjI5,0.6574705919268095
duTyIJwiyzO,0.26498267864427666
usnrPoAY7EtidZb,0.739054967517963
gEnjmX,0.3485237402367436
xVhkxgncICyjq2G,0.5379755052493372
kOLV4M,0.4112105866073805
ntS__KSkdt,0.4951070325500318
xw557gPj,0.333741597520193
bc2JTIhYY,0.7375422590383305
qlKI02RO5,0.33582833687366487
mwt9IvKkgihyVg,0.6222749376098914
o_2CP5H6tSIq,0.30482860116356575
ww8iMNDT_,0.6853637722641821
iwmsilgt0,0.39509680352274545
qgzfcSjr2V7C7XW,0.648973548803971
fAa1yL,0.36712433979301107
sSUxiobquj5z,0.6328868530741236
r9cvqC_bCK,0.5075623520110205
ctt9wSzU,0.6745617207718632
koANc79xbaU,0.26784359029525395
eStcdoaCX0edZEn,0.7106273784314011
dSbrVC1yK1,0.311438049107742
x7SBHD9X1eHlJ,0.6067765994461651
scEm_uvwbKCo8b,0.34463382946277665
rDE4VBM1KSBgNog,0.5504653452407622
ibTZjZXzX,0.3089536234049607
wFTXq0A_7dlI,0.5253145711393925
qr7E3hhIRDA,0.500498252134709
vth60A9DZpITQwF,0.7135392007554732
xiVQl71NdsN,0.3437786366797171
qEjqrtfo6__TzlC,0.7522373063331544
q6BmRqY8,0.5164911763975899
hxhuC,0.6824285956609673
oKnBkyygjJeT4OZ,0.38016257013240756
kwHvh5kx1gxCsxt,0.6604610390503998
iM_uxYt,0.3632890782103371
n2NtPc9V60N43pn,0.6026835720623972
uclv3vj26Htvx,0.37938202656486036
cSNLPluX9b,0.599883438172446
tEiy9TJHjW3,0.36297868753366314
hXK1u_iX,0.6960372749086737
v_CYAAKqoA,0.4114524658401181
l2lUKGt,0.5533570313869741
kJOrxGDpuWsjI,0.3882096217563528
eFkbfv5Wsu,0.5238488419398836
jtTIHLIvgGACAOL,0.3122074522977686
uPhLdbgaOUK,0.6347709283248101
veWx,0.5611718779506147
tiP6DJB7jKZYQ4K,0.770680210595508
rTAtdSKpn0ibs,0.3897803568847979
ll4cOgXjKVU,0.6603252746227143
qq17HLnA,0.42914417528747817
ivohGrJy0rBBNh,0.7204386270800949
oFzVcyImHcHmCci,0.5494271278648828
qKpbtTNwXk_Ly,0.7361394465328195
xXLQ_F27UU8XEM,0.5125706966114482
ruQ6EDoSy7tKwr,0.7017888176588886
RtswG0wspvBoC,0.4450363251994455
nP4Ww2qQd,0.5995782882889346
eEfme1LGf2z,0.3589460314943189
HRl8jtY6xwI,0.7614753783562835
q659DpeVQKNpP,0.3512404208310901
cvkdwkXe8,0.5025984206040057
wf8lU7nil9B_,0.4728475122023611
xh8Csv8C,0.5951577020937968
dRKq_MPXqfR3u0,0.3166286011910293
qwtg184xmOxmeMj,0.7596287071289686
uYicBamGKrn,0.3505420849082982
urXbj7,0.6906184675249887
I4iWXQ_UD,0.3100210462092108
