l5TUbzeWJ3Y5,0.5197422161201879
wrCJ0vrCrn5S5C,0.354891611632502
_UqnfSjiEX,0.6384243744990723
o96a5AxEzogl8p,0.3106073109374689
dX2JIpS5Wjevq,0.7043889649780012
rJfaWxNGeU,0.3665764453796606
kBszzoYUVMl,0.6326241732034377
p4YAU5efy,0.40967734859445815
m_7_ghXxwtnJ,0.6353023838971632
r6BNc5VJDHLco8D,0.335146241899919
eKzjEwUj0h,0.512774306432028
pU4SxhlN6,0.4317220671245858
hFAPzG5Bmiz,0.6682598550420171
nxLPgTw2lg,0.36552416122060655
bnAa0F2Y5VRG4,0.4657284549078493
g336FaT2YhXw,0.3395193418466152
Ro3m1WbZfOyGi,0.5464499700397725
iQAEvwou6mB,0.41332649464436405
oqg9mdTD9WnS,0.5149380386370105
k2dEdXL,0.27957217629118325
tKjCAHusd9,0.5130278405908671
v5Ct2qy5iTwzgeM,0.4147818191470013
folDdnr,0.5226029047768862
wykBSRFBt,0.36251993249478304
xRmLtYAYJ5,0.6489426790936931
u98bUzGHLXgXO4S,0.48132410070535614
mIS9QmnxTykHnkS,0.6034544943233194
lcbgxhwH,0.47119916108291465
sCMvPIvmtBW3,0.6985990159174926
jyzUXkRYN,0.42897382472567924
7_kg7BsyyTy8,0.5129445825836397
r5KBXKHgz4A,0.4142974024235949
ntPzsU7V,0.5447895342355688
tXiQomcH64W3,0.37749827444624007
b8QbCYl,0.5545159531517329
hzOAn1MqNd,0.4027258201922137
pCMjram,0.6712573153880097
jNrMqx8XNTHm5K,0.30411348168755387
n4FRyH4lcbEiHVM,0.5619289446912101
bLGuM9uvR3Ogqo4,0.4532077210634915
jw09IIGPHPy,0.5371573278639481
k0eeWvWBD,0.3515866921532949
fo9U2QjN2t,0.67276057676772
vuXgijpIg,0.40389454166104266
fmT904TjDcsE,0.6426584259312336
rQInjjREosu,0.3441560857241688
w_JvQuPvO6_Goqs,0.6429640902994832
iLzKpKGGrSvlh,0.3017272628557563
l7AyNLcqXS85hCp,0.5991876811823226
wizae58MiTmGe,0.42258202698587816
qtQmgAdMbsnDNB,0.5965726122806416
lYUYC0uJF19Ka,0.4214250888465764
nWfN7yBL9vY,0.4980788927469195
qhV6DmemqXKprwU,0.4164722467231503
nINcNi304N,0.522003897113292
tNkY83vbE,0.3735453888556126
sLwlzEVoQ2fv,0.48873314259675793
meYmBMa,0.43501960295208747
jtyblBelXcgIT85,0.5499217244179037
bwYxTvd6pj,0.28541790942250056
xAb8zbMHstS,0.4835857487910071
eHGzDKHpMI,0.36896588283099885
dnzfDT5wY1k5o8,0.6478442432395336
o4d_ZMCaPR669,0.3424832269560608
kxjmGxSdj3tHi,0.6313926093122533
dfHWc2_qwC3NDCK,0.41138706207132747
uJN3VC,0.6564990226674883
ddpLPfmBUhE8,0.30595868867213505
fzeWu51Q4QuVTla,0.5048427979121196
fvSIo2aurRj,0.3959140726780357
pyX35IIVQv,0.7141203056605863
dQVB6A9h0_KryR,0.46953615113751135
r7Vy_BthlVa,0.5463444251912178
g9_OxarnRqOAUn,0.39380136140608124
ggTTeHtNw,0.6078377805200191
vl0z1u62IL7Ncl,0.4688023634696851
cMTZSE9okk6j,0.6783047814946597
cVMSpkU44YuFaiO,0.3499596739205675
eXJsfS4am8,0.6443652118905401
fK2wqVJGT54gvuS,0.3817419051468464
g_7Cf1tdhiKEw,0.5043683484642686
ijar9VeLK4,0.4696321831536002
pUprG6dM1MR28N,0.6755605595804797
cD1ky1p0WKII,0.24080801163685092
lidbdt,0.6216468896942308
hZJVerES,0.42959878315994404
hCX3ND,0.5706722078311964
brLupKkBSjAvYfj,0.3989653279688851
bAkRNyg7Fceb,0.7092712807538522
hfchSKPX25emwy,0.3716525989337853
v3nE3bWaUq,0.6328589240519737
hAYtV3a,0.48694436246224126
kjBLh4vEyTTkaJI,0.5384227189176606
h6uymsrX6mbFlh,0.40446097470229514
ioY8SXeZ4O,0.5537520738606933
gs0oICfYwquGoVz,0.3160677773251696
JYCWB2ej5lrw,0.6160351363060341
f5ndxWrZKIE,0.46217492394834314
k2A8t8IGuXAQg,0.6293465622681201
wVyVdyXBJi1s,0.4325593415135829
rvmqAcBd6rBPmv,0.5009207418357849
rqH6uvD9RGX,0.39097564934530077
efcONMPzgk9hV_z,0.5662159058965373
szH3rmr6ysC,0.4131536743785938
oe2Lc97,0.628590024867084
dMRTIPTVKC0FRR,0.3683876921850284
p7eTalN7koz,0.52961342902266
fFRVeo1I,0.42419194028802265
dFJ7PnU,0.5457204300404858
oHuBNnwz,0.4349275227717447
nhcJCpQck,0.6144275496777655
jpA80RCT8ljL9e,0.36642791309504597
j33ihpdbJfzq,0.5247975520667287
gdcPCRZS1KRaNEl,0.44692724728659605
jKh48a2sGpRjq9w,0.6659625124421266
dybfWfXJkjMWp6m,0.37273698416314377
mb87K0Eu,0.46606485610186227
cHVnuIJXPd3,0.39941414314293167
vCHJ0rxd67g4n,0.676857004712422
x5SMTJGkkeDi,0.47005810336389864
wnkxDbh7vs,0.5647116184978833
xyYqXBEp0k,0.3197449878302526
cKpMlHgzd5JF,0.5230936847394094
cAX9NIcworqhMwk,0.4754114242072836
neXKBk6SLTROsGY,0.5140340137642351
l4LbQ_rAPqo2wp,0.3737162635162011
leAuT8UVoh,0.5966482256421063
lkVUsvC,0.4323011954826431
iQUdHRtlB2aDAaa,0.6409267137362511
pFa_fJWIYmn26,0.46403049095799204
gKZLwiSdGbry7Bu,0.5726881726231209
qhFO5DM8,0.35889437542776476
qCWDGt1jTJKy,0.6253928498769059
lStXf77DFFOqMd3,0.30517888894207745
dbIgDrjqsiBH7PT,0.5877270679950698
rrHJMC,0.3487283830486454
pcGQnQhVkvlw,0.6696973623622293
SZVNvirefQ,0.42210028638802405
uDoxDKkYcHtYqDP,0.6067366181271892
f5Q6F6wbjkS7eB,0.4350413334540547
bz1PWe6KVzo_,0.5718859072163992
wvYJS,0.47602005196504765
qfMgVgNMKi8,0.508782370138571
rm8V3WUBLNPcNd,0.32968537147460014
vLip1w96w,0.6307300854224613
ldLp3tX6WwVoYA,0.3252895453578519
kNoQsElQpQf_RYl,0.6570655767598701
bRahtGwx06RIgV,0.45416635837069114
vb0ehNa03FWhOZ,0.6873893402170678
sDsjR2Vs,0.4819412646587301
s3eg4rQM0hUjI5,0.7091393552825211
duTyIJwiyzO,0.2959966230163884
usnrPoAY7EtidZb,0.6810803716931204
gEnjmX,0.46475400896283897
xVhkxgncICyjq2G,0.49228485715257253
kOLV4M,0.36616581004913656
ntS__KSkdt,0.547094925306175
xw557gPj,0.364621319651867
bc2JTIhYY,0.6668788570624815
qlKI02RO5,0.2836987551338902
mwt9IvKkgihyVg,0.640806616787652
o_2CP5H6tSIq,0.37674537003921355
ww8iMNDT_,0.6899864644434794
iwmsilgt0,0.4306697060432797
qgzfcSjr2V7C7XW,0.5612365807779656
fAa1yL,0.36647257103385716
sSUxiobquj5z,0.58813678046797
r9cvqC_bCK,0.46905100514607534
ctt9wSzU,0.6575632970184256
koANc79xbaU,0.3467446160541701
eStcdoaCX0edZEn,0.664725300495168
dSbrVC1yK1,0.3492092702725655
x7SBHD9X1eHlJ,0.6408809810550035
scEm_uvwbKCo8b,0.3966389840957056
rDE4VBM1KSBgNog,0.6059526086181911
ibTZjZXzX,0.3273092478502369
wFTXq0A_7dlI,0.5443970597267743
qr7E3hhIRDA,0.5052994302448689
vth60A9DZpITQwF,0.6599590456200439
xiVQl71NdsN,0.3909520494906765
qEjqrtfo6__TzlC,0.7517973929728646
q6BmRqY8,0.4995622047554085
hxhuC,0.6603194793874227
oKnBkyygjJeT4OZ,0.3406415465544417
kwHvh5kx1gxCsxt,0.6586679227329275
iM_uxYt,0.34872627931967554
n2NtPc9V60N43pn,0.5771095242423239
uclv3vj26Htvx,0.4175927316549182
cSNLPluX9b,0.6051778420372007
tEiy9TJHjW3,0.4527441288986802
hXK1u_iX,0.6399292180548081
v_CYAAKqoA,0.45317899309530063
l2lUKGt,0.5366529368930333
kJOrxGDpuWsjI,0.38007802321727513
eFkbfv5Wsu,0.5529014371395964
jtTIHLIvgGACAOL,0.3327678051967173
uPhLdbgaOUK,0.6352299372534729
veWx,0.5051716140545799
tiP6DJB7jKZYQ4K,0.7193208952807527
rTAtdSKpn0ibs,0.3702971542716403
ll4cOgXjKVU,0.6526196745803541
qq17HLnA,0.47610967264754966
ivohGrJy0rBBNh,0.6339568532551801
oFzVcyImHcHmCci,0.4931672828859818
qKpbtTNwXk_Ly,0.711748780693296
xXLQ_F27UU8XEM,0.4070494386710732
ruQ6EDoSy7tKwr,0.6866563842495931
RtswG0wspvBoC,0.40543069559062644
nP4Ww2qQd,0.6039872148795836
eEfme1LGf2z,0.4025182460413096
HRl8jtY6xwI,0.7284572579388261
q659DpeVQKNpP,0.3664972047641542
cvkdwkXe8,0.5305468320934357
wf8lU7nil9B_,0.410623575721004
xh8Csv8C,0.5465017263755244
dRKq_MPXqfR3u0,0.37938157910870274
qwtg184xmOxmeMj,0.7410716376471383
uYicBamGKrn,0.39967286056048934
urXbj7,0.620568065481819
I4iWXQ_UD,0.31510470915196853
hicLarOMuOlI_,0.6372490612179897
t_Q4earc4mshOH,0.314138623938416
wpHaf0yStnI,0.5548851711132122
bebChK7PskxB,0.442349160655136
rCjuqQvpZLHx,0.6123644012022004
tFtBExRJBk,0.46187328744760764
ikiFPHMmtaGdLW,0.6987902980274042
fGlr0YAbXbu7,0.2810146571245702
fa3GwVtFA4b,0.6612284796819674
mOELHlQ4gFwNOEt,0.3138564605892943
g3jE7iCVr,0.6234322530122896
m4BlcVeCGQo,0.4700005986326323
iWpBhtqZOjD_0dp,0.7559767447031976
ge9ua7b,0.4384523555891552
t91GK,0.565152389089734
oiUjFDYis,0.29400178107742353
b0GiwFwd_DE6,0.6350725355933126
bgfywlOA6,0.5267077472011463
czRPoHX3E_B3,0.5412920769905161
jfiiez8DlFjqifd,0.29844129673250874
fE28aNayZ3KZ2,0.5717487977951882
xlqXUr9VIFwMh,0.35412197976350257
o01Bk7QsMt4Ou7f,0.6782906718687256
d2PJ4eiYZ,0.3659408016257698
