qx4t_VX,0.4974915083932914
lqUk0B5gSO7xhrB,0.3834775410983294
k1SRruhluiyxrCz,0.6484691362507695
pfNV4m9ZJyKG,0.39784924968297536
cF6s51G2P47S,0.6648405563094312
f2qgfAlnfxiB7qN,0.43277203961818544
jqU4TUUPEu,0.465263965302437
jq_clN3FEX,0.3502037753140819
mZtJDzlu_cOra2,0.665614728615552
fsW5dXZGGIQEs0,0.2992593993998559
l1EluZVQ5W74Rtk,0.6321597626967403
cksHQYVrFx,0.4613330788566326
caLFQL2FEUZ,0.6222071876235938
jVHKJGZ,0.5430090265806202
xyUJSebBNSu,0.7616624435458095
7VbnLI9dA,0.3521119353207085
kseppzcENc8pfy,0.632964922065502
rkaQSdk_xTqaz1,0.403636476439427
nj4TXaS6Zkcl7X,0.5876520062798287
g4UG1YQEnmo,0.4134977376920103
FFGCSVhmpAbS1JS,0.5907045500843796
xY_hl3ftgFJ6,0.4245351130039368
n0Wd1LVPb,0.5962218405635097
sq24HfcN3u,0.5203752004187682
kABBqs5cM25,0.590657647633461
oWgvq_17Z,0.3840809906728794
dSTN2xwatF5Txs0,0.6212295987813445
uVsKRmP4jDp,0.3336430043389244
qLaMChw1e,0.508861306519487
dg39qWQ0x8bYHtr,0.38161358448100846
sCMvPIvmtBW3,0.6848571276540599
jyzUXkRYN,0.42391543999395637
7_kg7BsyyTy8,0.522084300442654
r5KBXKHgz4A,0.42389630226702657
ntPzsU7V,0.5390346474224506
tXiQomcH64W3,0.3721295729218218
b8QbCYl,0.5808890885744441
hzOAn1MqNd,0.39971515431686655
pCMjram,0.6526468065891138
jNrMqx8XNTHm5K,0.30191233427905484
n4FRyH4lcbEiHVM,0.5711013318936278
bLGuM9uvR3Ogqo4,0.46176102145675585
jw09IIGPHPy,0.5394602899021252
k0eeWvWBD,0.3425942562830216
fo9U2QjN2t,0.6755645206756618
vuXgijpIg,0.39379394036775367
fmT904TjDcsE,0.6317673818801594
rQInjjREosu,0.3066204720209127
w_JvQuPvO6_Goqs,0.6352780510753044
iLzKpKGGrSvlh,0.27896424124874697
l7AyNLcqXS85hCp,0.6139453808495249
wizae58MiTmGe,0.3917952846394919
qtQmgAdMbsnDNB,0.5745785109513447
lYUYC0uJF19Ka,0.3727806680019122
nWfN7yBL9vY,0.5048585616171902
qhV6DmemqXKprwU,0.3854531659859584
nINcNi304N,0.5223123642474615
tNkY83vbE,0.35651437847611667
sLwlzEVoQ2fv,0.4760500713125938
meYmBMa,0.4205529785494239
jtyblBelXcgIT85,0.5465686887417639
bwYxTvd6pj,0.2842616977888154
xAb8zbMHstS,0.4574845448197373
eHGzDKHpMI,0.34698898504547815
dnzfDT5wY1k5o8,0.6695118513014144
o4d_ZMCaPR669,0.3837626915418174
kxjmGxSdj3tHi,0.6159110128553844
dfHWc2_qwC3NDCK,0.40544220589555396
uJN3VC,0.6308442047436463
ddpLPfmBUhE8,0.30646107693375846
fzeWu51Q4QuVTla,0.5035849703725498
fvSIo2aurRj,0.3776487176280021
pyX35IIVQv,0.7164227819469146
dQVB6A9h0_KryR,0.4478809988392441
r7Vy_BthlVa,0.5558359475178866
g9_OxarnRqOAUn,0.39449123677427916
ggTTeHtNw,0.6229593308542671
vl0z1u62IL7Ncl,0.46275301304823496
cMTZSE9okk6j,0.6800664077636176
cVMSpkU44YuFaiO,0.33814072424255603
eXJsfS4am8,0.6440692582733087
fK2wqVJGT54gvuS,0.3835553263380928
g_7Cf1tdhiKEw,0.5050939092033909
ijar9VeLK4,0.4591910065166833
pUprG6dM1MR28N,0.673602544114735
cD1ky1p0WKII,0.25175161337559315
lidbdt,0.6266612841708858
hZJVerES,0.42836151240278975
hCX3ND,0.5630750927794839
brLupKkBSjAvYfj,0.43430074214790765
bAkRNyg7Fceb,0.7063045752156849
hfchSKPX25emwy,0.35757867956029354
v3nE3bWaUq,0.6200861626054202
hAYtV3a,0.49354860376900284
kjBLh4vEyTTkaJI,0.5448523127460477
h6uymsrX6mbFlh,0.41723223958655875
ioY8SXeZ4O,0.5386931737977242
gs0oICfYwquGoVz,0.2997794330038787
JYCWB2ej5lrw,0.6105302628785754
f5ndxWrZKIE,0.46364114461794026
k2A8t8IGuXAQg,0.6419712450840609
wVyVdyXBJi1s,0.44371738086759116
rvmqAcBd6rBPmv,0.49705621665064603
rqH6uvD9RGX,0.38457955548109174
efcONMPzgk9hV_z,0.5748990552315507
szH3rmr6ysC,0.41468131421350346
oe2Lc97,0.6103184693818615
dMRTIPTVKC0FRR,0.3693127497834191
p7eTalN7koz,0.5082706006418499
fFRVeo1I,0.4052021510309923
dFJ7PnU,0.555411547484772
oHuBNnwz,0.43001463163451836
nhcJCpQck,0.6277864825404775
jpA80RCT8ljL9e,0.339816084190682
j33ihpdbJfzq,0.5377979602248523
gdcPCRZS1KRaNEl,0.4450917853900728
jKh48a2sGpRjq9w,0.6492929419955721
dybfWfXJkjMWp6m,0.34168715302022906
mb87K0Eu,0.44528956979861817
cHVnuIJXPd3,0.3884893245758961
vCHJ0rxd67g4n,0.675984880661069
x5SMTJGkkeDi,0.47359449362988043
wnkxDbh7vs,0.5622863202103457
xyYqXBEp0k,0.30848820751656614
cKpMlHgzd5JF,0.5003508372411819
cAX9NIcworqhMwk,0.496971052236187
neXKBk6SLTROsGY,0.5213677368184239
l4LbQ_rAPqo2wp,0.33334676767866545
leAuT8UVoh,0.5873165741812638
lkVUsvC,0.4473552529876554
iQUdHRtlB2aDAaa,0.6236523208066178
pFa_fJWIYmn26,0.43954274958716655
gKZLwiSdGbry7Bu,0.5595315115930279
qhFO5DM8,0.36080320411263944
qCWDGt1jTJKy,0.6255924973311788
lStXf77DFFOqMd3,0.2987254435257301
dbIgDrjqsiBH7PT,0.573621360652613
rrHJMC,0.3466226171045525
pcGQnQhVkvlw,0.6681924820591514
SZVNvirefQ,0.4235337773784399
uDoxDKkYcHtYqDP,0.6007948856527414
f5Q6F6wbjkS7eB,0.4328883502374242
bz1PWe6KVzo_,0.5651182712034888
wvYJS,0.47149548067316843
qfMgVgNMKi8,0.5209048226303787
rm8V3WUBLNPcNd,0.3345654046432336
vLip1w96w,0.6222185855229408
ldLp3tX6WwVoYA,0.33510173013877853
kNoQsElQpQf_RYl,0.6546950456442157
bRahtGwx06RIgV,0.4556503151934019
vb0ehNa03FWhOZ,0.7217434000100772
sDsjR2Vs,0.49199063817951194
s3eg4rQM0hUjI5,0.6964971691755071
duTyIJwiyzO,0.2980190649647962
usnrPoAY7EtidZb,0.6926533072231853
gEnjmX,0.46589974121869965
xVhkxgncICyjq2G,0.49227920400219444
kOLV4M,0.3635179699289224
ntS__KSkdt,0.5552511200143452
xw557gPj,0.37181480739188216
bc2JTIhYY,0.6890263202418714
qlKI02RO5,0.27168853530459586
mwt9IvKkgihyVg,0.6306434418667768
o_2CP5H6tSIq,0.37142931976681837
ww8iMNDT_,0.686953812192546
iwmsilgt0,0.44777023332284965
qgzfcSjr2V7C7XW,0.5627290835386909
fAa1yL,0.33838740914408316
sSUxiobquj5z,0.5937490022747735
r9cvqC_bCK,0.45883293995710395
ctt9wSzU,0.6743203539247475
koANc79xbaU,0.34385416850308476
eStcdoaCX0edZEn,0.6809198762747459
dSbrVC1yK1,0.335430396265618
x7SBHD9X1eHlJ,0.6491606478925057
scEm_uvwbKCo8b,0.3942802645903381
rDE4VBM1KSBgNog,0.6083677469884832
ibTZjZXzX,0.3190048648126696
wFTXq0A_7dlI,0.5260142350895208
qr7E3hhIRDA,0.4929230248923701
vth60A9DZpITQwF,0.6543940971387721
xiVQl71NdsN,0.3899892113528211
qEjqrtfo6__TzlC,0.7438769248865033
q6BmRqY8,0.4885374047204541
hxhuC,0.6645770253334894
oKnBkyygjJeT4OZ,0.3586560071628658
kwHvh5kx1gxCsxt,0.6590422878587834
iM_uxYt,0.35977689590848627
n2NtPc9V60N43pn,0.5733775909780325
uclv3vj26Htvx,0.4196539955205741
cSNLPluX9b,0.5897885256933917
tEiy9TJHjW3,0.4396355904759941
hXK1u_iX,0.6421235630685672
v_CYAAKqoA,0.4472737578286701
l2lUKGt,0.5417937021797267
kJOrxGDpuWsjI,0.36172156116410925
eFkbfv5Wsu,0.5388079942002643
jtTIHLIvgGACAOL,0.3187124866244866
uPhLdbgaOUK,0.6293246421224602
veWx,0.501741802703867
tiP6DJB7jKZYQ4K,0.7211584012200845
rTAtdSKpn0ibs,0.35689005982582167
ll4cOgXjKVU,0.6251994538193293
qq17HLnA,0.4697840834871318
ivohGrJy0rBBNh,0.6484836464931265
oFzVcyImHcHmCci,0.48421709607868046
qKpbtTNwXk_Ly,0.6763852595545892
xXLQ_F27UU8XEM,0.4104039291474197
ruQ6EDoSy7tKwr,0.6614869627092479
RtswG0wspvBoC,0.4047317225935215
nP4Ww2qQd,0.6023879954716846
eEfme1LGf2z,0.4017927389570036
HRl8jtY6xwI,0.7703227408337643
q659DpeVQKNpP,0.38319681988098664
cvkdwkXe8,0.5170031035098013
wf8lU7nil9B_,0.41242622751954927
xh8Csv8C,0.558439836628822
dRKq_MPXqfR3u0,0.3758524383192881
qwtg184xmOxmeMj,0.7564609728553617
uYicBamGKrn,0.3979259925940158
urXbj7,0.637379130662624
I4iWXQ_UD,0.31809017416353513
hicLarOMuOlI_,0.6408350239377624
t_Q4earc4mshOH,0.3152032796611573
wpHaf0yStnI,0.5369526534430952
bebChK7PskxB,0.4269266129548935
rCjuqQvpZLHx,0.6202121650966127
tFtBExRJBk,0.45596848669736173
ikiFPHMmtaGdLW,0.6920885224276869
fGlr0YAbXbu7,0.28628803477344544
fa3GwVtFA4b,0.6581189336466117
mOELHlQ4gFwNOEt,0.305326654963393
g3jE7iCVr,0.6185068444137632
m4BlcVeCGQo,0.4633184937959479
iWpBhtqZOjD_0dp,0.7473510831183764
ge9ua7b,0.44308935793721643
t91GK,0.565303145277717
oiUjFDYis,0.31050357983980403
b0GiwFwd_DE6,0.6445765355146164
bgfywlOA6,0.5127741510973574
czRPoHX3E_B3,0.5534344426994915
jfiiez8DlFjqifd,0.28659805420287354
fE28aNayZ3KZ2,0.6051605707290678
xlqXUr9VIFwMh,0.3605052613038791
o01Bk7QsMt4Ou7f,0.6451325631608901
d2PJ4eiYZ,0.3392877934861956
