qx4t_VX,0.4999176463017387
lqUk0B5gSO7xhrB,0.407266278179572
k1SRruhluiyxrCz,0.6597054450877534
pfNV4m9ZJyKG,0.44282958729835264
cF6s51G2P47S,0.6793815038213753
f2qgfAlnfxiB7qN,0.43517297048604936
jqU4TUUPEu,0.4514881543556253
jq_clN3FEX,0.3679298112591147
mZtJDzlu_cOra2,0.6712759028012474
fsW5dXZGGIQEs0,0.29304833388118495
l1EluZVQ5W74Rtk,0.6360853476860007
cksHQYVrFx,0.4833357743676829
caLFQL2FEUZ,0.6010090654152961
jVHKJGZ,0.517409256138662
xyUJSebBNSu,0.7343851323440392
7VbnLI9dA,0.3791729019338143
kseppzcENc8pfy,0.6118557516383706
rkaQSdk_xTqaz1,0.4206082104644584
nj4TXaS6Zkcl7X,0.5727743875205219
g4UG1YQEnmo,0.44033672611807456
FFGCSVhmpAbS1JS,0.6007320753299532
xY_hl3ftgFJ6,0.38816324463752844
n0Wd1LVPb,0.5978829198425134
sq24HfcN3u,0.5343483201400614
kABBqs5cM25,0.6087642060247576
oWgvq_17Z,0.3872708168132402
dSTN2xwatF5Txs0,0.6323478501215593
uVsKRmP4jDp,0.3439758833366889
qLaMChw1e,0.4970552946245157
dg39qWQ0x8bYHtr,0.380326710091445
l5TUbzeWJ3Y5,0.5117628420985305
wrCJ0vrCrn5S5C,0.3647439889400741
_UqnfSjiEX,0.6134313594946007
o96a5AxEzogl8p,0.3121746035223887
dX2JIpS5Wjevq,0.7106279785985428
rJfaWxNGeU,0.34546834961222567
kBszzoYUVMl,0.6121468275288473
p4YAU5efy,0.43019345354931177
m_7_ghXxwtnJ,0.6392708433336122
r6BNc5VJDHLco8D,0.3254896078101056
eKzjEwUj0h,0.5169151253207257
pU4SxhlN6,0.4351271038715162
hFAPzG5Bmiz,0.669409400634233
nxLPgTw2lg,0.33844027140581256
bnAa0F2Y5VRG4,0.4679021081483187
g336FaT2YhXw,0.3386352273386302
Ro3m1WbZfOyGi,0.5643870474227094
iQAEvwou6mB,0.42583110515034556
oqg9mdTD9WnS,0.5048824575064862
k2dEdXL,0.26661087641438275
tKjCAHusd9,0.500997705407726
v5Ct2qy5iTwzgeM,0.38657426134854134
folDdnr,0.5192584415245182
wykBSRFBt,0.37379945349176424
xRmLtYAYJ5,0.6252546590186406
u98bUzGHLXgXO4S,0.48537420616481036
mIS9QmnxTykHnkS,0.5843761680094343
lcbgxhwH,0.4733133019298052
sLwlzEVoQ2fv,0.4958276005284414
meYmBMa,0.42555161518553836
jtyblBelXcgIT85,0.5266227905375261
bwYxTvd6pj,0.29309536687337484
xAb8zbMHstS,0.4577440951164703
eHGzDKHpMI,0.37365246841351174
dnzfDT5wY1k5o8,0.639425111164189
o4d_ZMCaPR669,0.3443815156262006
kxjmGxSdj3tHi,0.611426535305815
dfHWc2_qwC3NDCK,0.38819060086490054
uJN3VC,0.6279054786573097
ddpLPfmBUhE8,0.3316555840958078
fzeWu51Q4QuVTla,0.5052750768862032
fvSIo2aurRj,0.3935776417727491
pyX35IIVQv,0.6987389386358778
dQVB6A9h0_KryR,0.45259447025242483
r7Vy_BthlVa,0.5731013790859173
g9_OxarnRqOAUn,0.40815668603270666
ggTTeHtNw,0.6034130928527529
vl0z1u62IL7Ncl,0.44321854360696256
cMTZSE9okk6j,0.6487843634367427
cVMSpkU44YuFaiO,0.3384388425645762
eXJsfS4am8,0.6507476637137256
fK2wqVJGT54gvuS,0.3859195569251308
g_7Cf1tdhiKEw,0.5219040087167547
ijar9VeLK4,0.4574054715084211
pUprG6dM1MR28N,0.6527600971210847
cD1ky1p0WKII,0.2549017755871239
lidbdt,0.627938115262052
hZJVerES,0.4337115200151445
hCX3ND,0.5675315932489988
brLupKkBSjAvYfj,0.41251572807658804
bAkRNyg7Fceb,0.7157955755462563
hfchSKPX25emwy,0.35858030137038127
v3nE3bWaUq,0.6325324270666811
hAYtV3a,0.48533351757617554
kjBLh4vEyTTkaJI,0.5382871542713058
h6uymsrX6mbFlh,0.41168104118515175
ioY8SXeZ4O,0.569863433458996
gs0oICfYwquGoVz,0.3133150204080596
JYCWB2ej5lrw,0.5858927033564864
f5ndxWrZKIE,0.4499951516099475
k2A8t8IGuXAQg,0.609620603635435
wVyVdyXBJi1s,0.43792325251260744
rvmqAcBd6rBPmv,0.495907223482705
rqH6uvD9RGX,0.3902177188752075
efcONMPzgk9hV_z,0.5516131148794635
szH3rmr6ysC,0.4127038984048984
oe2Lc97,0.6165949502745961
dMRTIPTVKC0FRR,0.3621312272898736
p7eTalN7koz,0.5066402957870585
fFRVeo1I,0.41361162576737154
dFJ7PnU,0.5353087770649755
oHuBNnwz,0.44924252549688476
nhcJCpQck,0.6116500297111716
jpA80RCT8ljL9e,0.3536990317686311
j33ihpdbJfzq,0.5138828086427735
gdcPCRZS1KRaNEl,0.4487804811719527
jKh48a2sGpRjq9w,0.6578668823698087
dybfWfXJkjMWp6m,0.35128772758312105
mb87K0Eu,0.46201862543645233
cHVnuIJXPd3,0.43297043050437345
vCHJ0rxd67g4n,0.6595232624193117
x5SMTJGkkeDi,0.46358008281786317
wnkxDbh7vs,0.534509657170523
xyYqXBEp0k,0.33763158672397897
cKpMlHgzd5JF,0.5031958245939271
cAX9NIcworqhMwk,0.4637085847903779
neXKBk6SLTROsGY,0.4993353706307089
l4LbQ_rAPqo2wp,0.3667602804964798
leAuT8UVoh,0.5737265092368798
lkVUsvC,0.4516594649731867
iQUdHRtlB2aDAaa,0.6501211219781113
pFa_fJWIYmn26,0.4666972399275346
gKZLwiSdGbry7Bu,0.5341205804824819
qhFO5DM8,0.35529855230468016
qCWDGt1jTJKy,0.6308588774877572
lStXf77DFFOqMd3,0.32628656970845027
dbIgDrjqsiBH7PT,0.5832897923385008
rrHJMC,0.3441419750116196
pcGQnQhVkvlw,0.6848535407773862
SZVNvirefQ,0.42530373837469954
uDoxDKkYcHtYqDP,0.6281757160892476
f5Q6F6wbjkS7eB,0.40701743532531487
bz1PWe6KVzo_,0.5832621456411663
wvYJS,0.4666573120234731
qfMgVgNMKi8,0.5088569229438957
rm8V3WUBLNPcNd,0.3076073690026915
vLip1w96w,0.6272232363024709
ldLp3tX6WwVoYA,0.3171348200795544
kNoQsElQpQf_RYl,0.6471586721875537
bRahtGwx06RIgV,0.4348364433448673
vb0ehNa03FWhOZ,0.6891769075457619
sDsjR2Vs,0.4758994445339637
s3eg4rQM0hUjI5,0.6876940798859531
duTyIJwiyzO,0.3116040022610073
usnrPoAY7EtidZb,0.6666317587537292
gEnjmX,0.44361243684101903
xVhkxgncICyjq2G,0.48640973418678074
kOLV4M,0.3812562165173401
ntS__KSkdt,0.5610725977046934
xw557gPj,0.3548601718485816
bc2JTIhYY,0.6785589208660268
qlKI02RO5,0.28694388043379915
mwt9IvKkgihyVg,0.6189364109531059
o_2CP5H6tSIq,0.34999211773399663
ww8iMNDT_,0.707334472925811
iwmsilgt0,0.4252804762548091
qgzfcSjr2V7C7XW,0.5562005904556492
fAa1yL,0.3684588108439572
sSUxiobquj5z,0.586078004266126
r9cvqC_bCK,0.4630668825170263
ctt9wSzU,0.6716871655044869
koANc79xbaU,0.35239143769667214
eStcdoaCX0edZEn,0.6623169705225014
dSbrVC1yK1,0.3204656724845562
x7SBHD9X1eHlJ,0.6343878440065819
scEm_uvwbKCo8b,0.39190166786645503
rDE4VBM1KSBgNog,0.5826938694300429
ibTZjZXzX,0.31409506693761674
wFTXq0A_7dlI,0.5356456023431403
qr7E3hhIRDA,0.5194786293471135
vth60A9DZpITQwF,0.6618457711641003
xiVQl71NdsN,0.39186944031417636
qEjqrtfo6__TzlC,0.7328358863566357
q6BmRqY8,0.49356294640796594
hxhuC,0.6549510452735658
oKnBkyygjJeT4OZ,0.3700106525660843
kwHvh5kx1gxCsxt,0.665419038718417
iM_uxYt,0.3467766776455875
n2NtPc9V60N43pn,0.5678281576026135
uclv3vj26Htvx,0.41824226864243164
cSNLPluX9b,0.6185427839711544
tEiy9TJHjW3,0.42877357746439193
hXK1u_iX,0.618626780230499
v_CYAAKqoA,0.4393215518587302
l2lUKGt,0.5456793222752151
kJOrxGDpuWsjI,0.3688608179652656
eFkbfv5Wsu,0.5453210875348142
jtTIHLIvgGACAOL,0.32415561557053185
uPhLdbgaOUK,0.6340294525965604
veWx,0.496733066994212
tiP6DJB7jKZYQ4K,0.7095288503175886
rTAtdSKpn0ibs,0.3749121880709497
ll4cOgXjKVU,0.6498252291984926
qq17HLnA,0.4676027853672377
ivohGrJy0rBBNh,0.6423492773309231
oFzVcyImHcHmCci,0.47673882711292204
qKpbtTNwXk_Ly,0.7128867522829481
xXLQ_F27UU8XEM,0.42482454976360845
ruQ6EDoSy7tKwr,0.6494806006007533
RtswG0wspvBoC,0.4213154998051728
nP4Ww2qQd,0.6051571109015029
eEfme1LGf2z,0.41982640052420755
HRl8jtY6xwI,0.7368421561033861
q659DpeVQKNpP,0.37597813906045646
cvkdwkXe8,0.5452481263228548
wf8lU7nil9B_,0.4032374469303749
xh8Csv8C,0.5620953411573943
dRKq_MPXqfR3u0,0.36430876843320925
qwtg184xmOxmeMj,0.7277426435188751
uYicBamGKrn,0.41305869073835894
urXbj7,0.6180828640549983
I4iWXQ_UD,0.3236251916612276
hicLarOMuOlI_,0.6285749451329655
t_Q4earc4mshOH,0.3148886531594074
wpHaf0yStnI,0.5519821731726793
bebChK7PskxB,0.4442663865248551
rCjuqQvpZLHx,0.6279729212087789
tFtBExRJBk,0.44400076366403296
ikiFPHMmtaGdLW,0.6843288060302026
fGlr0YAbXbu7,0.28902454253058857
fa3GwVtFA4b,0.6611083199488217
mOELHlQ4gFwNOEt,0.30681395593029614
g3jE7iCVr,0.6216144182585908
m4BlcVeCGQo,0.4698060820584212
iWpBhtqZOjD_0dp,0.7322027816086913
ge9ua7b,0.4540827165709603
t91GK,0.5871788207135202
oiUjFDYis,0.3197843639417474
b0GiwFwd_DE6,0.6331018903912281
bgfywlOA6,0.5374382298646895
czRPoHX3E_B3,0.5334270816602155
jfiiez8DlFjqifd,0.2936906259453311
fE28aNayZ3KZ2,0.6295671339740444
xlqXUr9VIFwMh,0.3554900102017818
o01Bk7QsMt4Ou7f,0.6864530127173248
d2PJ4eiYZ,0.3350745281731383
