qx4t_VX,0.5301534349884975
lqUk0B5gSO7xhrB,0.38212733616884337
k1SRruhluiyxrCz,0.6622622747561743
pfNV4m9ZJyKG,0.4036579801902815
cF6s51G2P47S,0.7051594201740556
f2qgfAlnfxiB7qN,0.41855066551546066
jqU4TUUPEu,0.4435361540417071
jq_clN3FEX,0.3586842173467679
mZtJDzlu_cOra2,0.6707232938369405
fsW5dXZGGIQEs0,0.3078298000536069
l1EluZVQ5W74Rtk,0.6594072008982809
cksHQYVrFx,0.4746160976700356
caLFQL2FEUZ,0.610280471556435
jVHKJGZ,0.5492728393326566
xyUJSebBNSu,0.7473725111701107
7VbnLI9dA,0.3630398471397226
kseppzcENc8pfy,0.6209808024803978
rkaQSdk_xTqaz1,0.4325984042964631
nj4TXaS6Zkcl7X,0.5649444278910948
g4UG1YQEnmo,0.4339973700077173
FFGCSVhmpAbS1JS,0.5972952409379036
xY_hl3ftgFJ6,0.38416330911104557
n0Wd1LVPb,0.5833187224334857
sq24HfcN3u,0.5226278112474049
kABBqs5cM25,0.6234043294980717
oWgvq_17Z,0.3697193581333503
dSTN2xwatF5Txs0,0.6154447098030824
uVsKRmP4jDp,0.3391865368914084
qLaMChw1e,0.5243146102301615
dg39qWQ0x8bYHtr,0.382954109664967
l5TUbzeWJ3Y5,0.5115949785326578
wrCJ0vrCrn5S5C,0.3786138433954362
_UqnfSjiEX,0.6236679742770083
o96a5AxEzogl8p,0.2990788564076234
dX2JIpS5Wjevq,0.7101642985063971
rJfaWxNGeU,0.35113230426099823
kBszzoYUVMl,0.6036066601182665
p4YAU5efy,0.43311991877628664
m_7_ghXxwtnJ,0.6623857027496581
r6BNc5VJDHLco8D,0.32482523894428206
eKzjEwUj0h,0.5223031337238787
pU4SxhlN6,0.44274161153111724
hFAPzG5Bmiz,0.7069243218285934
nxLPgTw2lg,0.365839253734696
bnAa0F2Y5VRG4,0.4664693204111195
g336FaT2YhXw,0.3506157693530955
Ro3m1WbZfOyGi,0.5759326011483188
iQAEvwou6mB,0.4337531575189507
oqg9mdTD9WnS,0.4979465796132569
k2dEdXL,0.2845519101267136
tKjCAHusd9,0.506347565479421
v5Ct2qy5iTwzgeM,0.4026319020138124
folDdnr,0.5109259259793536
wykBSRFBt,0.3436285593774436
xRmLtYAYJ5,0.6627389130951141
u98bUzGHLXgXO4S,0.4975190100631031
mIS9QmnxTykHnkS,0.5654785348525592
lcbgxhwH,0.4574803596236948
sCMvPIvmtBW3,0.6857373773517417
jyzUXkRYN,0.42298929594040063
7_kg7BsyyTy8,0.5255043125131619
r5KBXKHgz4A,0.42670985040178977
ntPzsU7V,0.523840923266879
tXiQomcH64W3,0.39954648498942164
b8QbCYl,0.5610730461706127
hzOAn1MqNd,0.3824940609371827
pCMjram,0.6715879071029722
jNrMqx8XNTHm5K,0.28292277544075906
n4FRyH4lcbEiHVM,0.5451523870126608
bLGuM9uvR3Ogqo4,0.44228296391620814
jw09IIGPHPy,0.5245319570738994
k0eeWvWBD,0.35208025471290794
fo9U2QjN2t,0.6717197740130554
vuXgijpIg,0.3515002070033015
fmT904TjDcsE,0.6519128672613909
rQInjjREosu,0.34640204213113035
w_JvQuPvO6_Goqs,0.6377588244935402
iLzKpKGGrSvlh,0.30491946930017627
l7AyNLcqXS85hCp,0.5955371669018484
wizae58MiTmGe,0.3917594531133047
qtQmgAdMbsnDNB,0.6141422601214297
lYUYC0uJF19Ka,0.39149667432327007
nWfN7yBL9vY,0.493338503579697
qhV6DmemqXKprwU,0.41778046469477015
nINcNi304N,0.504005770341639
tNkY83vbE,0.36468305684655405
lidbdt,0.6333835792420249
hZJVerES,0.41212547805618344
hCX3ND,0.5586251737615737
brLupKkBSjAvYfj,0.4066807574458135
bAkRNyg7Fceb,0.6844480690562356
hfchSKPX25emwy,0.36498423742578284
v3nE3bWaUq,0.6218349742774102
hAYtV3a,0.48394523387722405
kjBLh4vEyTTkaJI,0.5464844774192115
h6uymsrX6mbFlh,0.4192303896238438
ioY8SXeZ4O,0.5728527621046078
gs0oICfYwquGoVz,0.3179710504799249
JYCWB2ej5lrw,0.5807047401455305
f5ndxWrZKIE,0.4348214762100033
k2A8t8IGuXAQg,0.6121766192363827
wVyVdyXBJi1s,0.4501116766503133
rvmqAcBd6rBPmv,0.4837576559652142
rqH6uvD9RGX,0.3947356708978097
efcONMPzgk9hV_z,0.5458520020731882
szH3rmr6ysC,0.4099306375920389
oe2Lc97,0.605854253879105
dMRTIPTVKC0FRR,0.3995829370307841
p7eTalN7koz,0.5148810302281295
fFRVeo1I,0.3988774861437988
dFJ7PnU,0.5342160282313089
oHuBNnwz,0.4265743520730496
nhcJCpQck,0.5956313228275918
jpA80RCT8ljL9e,0.36457591228167335
j33ihpdbJfzq,0.5102653296822749
gdcPCRZS1KRaNEl,0.4556601904211763
jKh48a2sGpRjq9w,0.640539946592409
dybfWfXJkjMWp6m,0.3593361688571942
mb87K0Eu,0.44971587272116736
cHVnuIJXPd3,0.3834454001554431
vCHJ0rxd67g4n,0.6846772737352633
x5SMTJGkkeDi,0.46694887575329364
wnkxDbh7vs,0.5407314784366664
xyYqXBEp0k,0.35917024055655494
cKpMlHgzd5JF,0.5400303826802154
cAX9NIcworqhMwk,0.4793560506731186
neXKBk6SLTROsGY,0.49423751360884705
l4LbQ_rAPqo2wp,0.382874748889512
leAuT8UVoh,0.5604778772170567
lkVUsvC,0.4467704151344672
iQUdHRtlB2aDAaa,0.6331075987234686
pFa_fJWIYmn26,0.46880337756276924
gKZLwiSdGbry7Bu,0.5414543372596395
qhFO5DM8,0.3350769238256252
qCWDGt1jTJKy,0.6224734004585112
lStXf77DFFOqMd3,0.3084266894020775
dbIgDrjqsiBH7PT,0.5900106248202633
rrHJMC,0.35439155724852167
pcGQnQhVkvlw,0.682085373798688
SZVNvirefQ,0.416596783902148
uDoxDKkYcHtYqDP,0.632819424900602
f5Q6F6wbjkS7eB,0.42026081575282875
bz1PWe6KVzo_,0.6011030989503136
wvYJS,0.4496277353216456
qfMgVgNMKi8,0.5184302005924536
rm8V3WUBLNPcNd,0.33570413208402733
vLip1w96w,0.6332024550199519
ldLp3tX6WwVoYA,0.3226596795638094
kNoQsElQpQf_RYl,0.6463630482001397
bRahtGwx06RIgV,0.43524474692595244
vb0ehNa03FWhOZ,0.6930068628645915
sDsjR2Vs,0.4524124401845714
s3eg4rQM0hUjI5,0.70689505899201
duTyIJwiyzO,0.295651117274961
usnrPoAY7EtidZb,0.6626905431076828
gEnjmX,0.44600339173188497
xVhkxgncICyjq2G,0.47444797264175387
kOLV4M,0.36278610580995635
ntS__KSkdt,0.5311457868513662
xw557gPj,0.36627274934267107
bc2JTIhYY,0.6927299717236618
qlKI02RO5,0.2902165317874358
mwt9IvKkgihyVg,0.6313948004522097
o_2CP5H6tSIq,0.35871625986489797
ww8iMNDT_,0.6929274851686671
iwmsilgt0,0.4454603279275883
qgzfcSjr2V7C7XW,0.5525685246295721
fAa1yL,0.3846709753566855
sSUxiobquj5z,0.5853138633329505
r9cvqC_bCK,0.4712687003980478
ctt9wSzU,0.6591204499290059
koANc79xbaU,0.3458666216263176
eStcdoaCX0edZEn,0.6615107528852314
dSbrVC1yK1,0.33859297312979975
x7SBHD9X1eHlJ,0.6419149754097822
scEm_uvwbKCo8b,0.38603966197796513
rDE4VBM1KSBgNog,0.5752797857396375
ibTZjZXzX,0.3070673659012872
wFTXq0A_7dlI,0.5302970635524794
qr7E3hhIRDA,0.5092227971700152
vth60A9DZpITQwF,0.6546130227245556
xiVQl71NdsN,0.3762703077908201
qEjqrtfo6__TzlC,0.7324683728897511
q6BmRqY8,0.5186689043622329
hxhuC,0.6564391147074331
oKnBkyygjJeT4OZ,0.37320800217485983
kwHvh5kx1gxCsxt,0.6529925788300323
iM_uxYt,0.3615509710002453
n2NtPc9V60N43pn,0.5755723450851634
uclv3vj26Htvx,0.42269207217029314
cSNLPluX9b,0.5902547431610945
tEiy9TJHjW3,0.4439799552683281
hXK1u_iX,0.6125838643139798
v_CYAAKqoA,0.441301948282349
l2lUKGt,0.5152439139348806
kJOrxGDpuWsjI,0.376487393268111
eFkbfv5Wsu,0.5353279698315685
jtTIHLIvgGACAOL,0.359250839695966
uPhLdbgaOUK,0.6283386368083766
veWx,0.48834347399469635
tiP6DJB7jKZYQ4K,0.7178580505099367
rTAtdSKpn0ibs,0.3886121892750467
ll4cOgXjKVU,0.662845471612121
qq17HLnA,0.4610590524440637
ivohGrJy0rBBNh,0.6314043770693162
oFzVcyImHcHmCci,0.4641326329773441
qKpbtTNwXk_Ly,0.7090814617690577
xXLQ_F27UU8XEM,0.41336849223396094
ruQ6EDoSy7tKwr,0.6446863987521996
RtswG0wspvBoC,0.41413154956031173
nP4Ww2qQd,0.6012712345791628
eEfme1LGf2z,0.404302586943657
HRl8jtY6xwI,0.7494229972414194
q659DpeVQKNpP,0.3561674349032638
cvkdwkXe8,0.5462026643225965
wf8lU7nil9B_,0.39481500595759805
xh8Csv8C,0.5491659876486903
dRKq_MPXqfR3u0,0.38635138577142025
qwtg184xmOxmeMj,0.7559890420626881
uYicBamGKrn,0.4014636521935716
urXbj7,0.6134797046736828
I4iWXQ_UD,0.32790695987878726
hicLarOMuOlI_,0.6292781919384317
t_Q4earc4mshOH,0.3234998010852809
wpHaf0yStnI,0.5512286070880107
bebChK7PskxB,0.4329538394326674
rCjuqQvpZLHx,0.6109518030357897
tFtBExRJBk,0.4583747265348806
ikiFPHMmtaGdLW,0.6950322064697767
fGlr0YAbXbu7,0.29774726667179385
fa3GwVtFA4b,0.6433910856188093
mOELHlQ4gFwNOEt,0.33495465098434674
g3jE7iCVr,0.6156926906769048
m4BlcVeCGQo,0.4661972904328241
iWpBhtqZOjD_0dp,0.7528203402961869
ge9ua7b,0.43470888803957397
t91GK,0.5891389507651169
oiUjFDYis,0.3069717891695323
b0GiwFwd_DE6,0.6379341222955718
bgfywlOA6,0.5035510904290642
czRPoHX3E_B3,0.5310787021028521
jfiiez8DlFjqifd,0.27652436064526703
fE28aNayZ3KZ2,0.6052181303175632
xlqXUr9VIFwMh,0.355098009922431
o01Bk7QsMt4Ou7f,0.6932452616624846
d2PJ4eiYZ,0.33686363726464624
