qx4t_VX,0.4859643087540787
lqUk0B5gSO7xhrB,0.3866904154442012
k1SRruhluiyxrCz,0.636894133257128
pfNV4m9ZJyKG,0.39161935386547414
cF6s51G2P47S,0.6599058853213484
f2qgfAlnfxiB7qN,0.42794641192883687
jqU4TUUPEu,0.47480942724779013
jq_clN3FEX,0.3560578468028401
mZtJDzlu_cOra2,0.6615166921111887
fsW5dXZGGIQEs0,0.30288286372343565
l1EluZVQ5W74Rtk,0.6066305943090048
cksHQYVrFx,0.48104630952982
caLFQL2FEUZ,0.6203604844994156
jVHKJGZ,0.5541267430562015
xyUJSebBNSu,0.7428414662973766
7VbnLI9dA,0.3643502541581192
kseppzcENc8pfy,0.6196498431615811
rkaQSdk_xTqaz1,0.420700092579209
nj4TXaS6Zkcl7X,0.5883952079821031
g4UG1YQEnmo,0.41540961827865247
FFGCSVhmpAbS1JS,0.600507638312418
xY_hl3ftgFJ6,0.3823520149133058
n0Wd1LVPb,0.6207803780502156
sq24HfcN3u,0.5086741733132403
kABBqs5cM25,0.5510309095116076
oWgvq_17Z,0.37167284181173005
dSTN2xwatF5Txs0,0.6384341547390423
uVsKRmP4jDp,0.3227380765480447
qLaMChw1e,0.5170425316393691
dg39qWQ0x8bYHtr,0.3935222031414713
l5TUbzeWJ3Y5,0.5316408469012187
wrCJ0vrCrn5S5C,0.3776280160100941
_UqnfSjiEX,0.6298033679932191
o96a5AxEzogl8p,0.29220596859466025
dX2JIpS5Wjevq,0.712081988826308
rJfaWxNGeU,0.35338907659095614
kBszzoYUVMl,0.5638384092071631
p4YAU5efy,0.378205100803114
m_7_ghXxwtnJ,0.6369048208431916
r6BNc5VJDHLco8D,0.324774249216368
eKzjEwUj0h,0.5286224413943796
pU4SxhlN6,0.44870482765141584
hFAPzG5Bmiz,0.6601490313324756
nxLPgTw2lg,0.3563118624059771
bnAa0F2Y5VRG4,0.473181484155056
g336FaT2YhXw,0.3435100105790562
Ro3m1WbZfOyGi,0.5460959323151717
iQAEvwou6mB,0.4384569523781139
oqg9mdTD9WnS,0.4793532384657843
k2dEdXL,0.27906131830600184
tKjCAHusd9,0.5176299349321315
v5Ct2qy5iTwzgeM,0.3920113016407091
folDdnr,0.5507250851655647
wykBSRFBt,0.3364940991684551
xRmLtYAYJ5,0.6207884259506181
u98bUzGHLXgXO4S,0.4969473339834755
mIS9QmnxTykHnkS,0.5973581720690531
lcbgxhwH,0.4897555229819595
sCMvPIvmtBW3,0.6914423908004887
jyzUXkRYN,0.42736105047046213
7_kg7BsyyTy8,0.5147096498241492
r5KBXKHgz4A,0.4197964891688079
ntPzsU7V,0.5579010949565861
tXiQomcH64W3,0.38780964928366457
b8QbCYl,0.5549515432775699
hzOAn1MqNd,0.4083726933125057
pCMjram,0.6370780036751522
jNrMqx8XNTHm5K,0.2910584608101943
n4FRyH4lcbEiHVM,0.585029728379287
bLGuM9uvR3Ogqo4,0.4719045096610932
jw09IIGPHPy,0.5510201863459404
k0eeWvWBD,0.3500510054641965
fo9U2QjN2t,0.669999262774793
vuXgijpIg,0.35609768313551454
fmT904TjDcsE,0.6212074572107124
rQInjjREosu,0.33818496523474023
w_JvQuPvO6_Goqs,0.6464442938788882
iLzKpKGGrSvlh,0.31426641721082704
l7AyNLcqXS85hCp,0.6053697965734716
wizae58MiTmGe,0.39887416077111276
qtQmgAdMbsnDNB,0.5935355903383714
lYUYC0uJF19Ka,0.36842023067975643
nWfN7yBL9vY,0.5016670615563054
qhV6DmemqXKprwU,0.4178462573077179
nINcNi304N,0.5296418020282467
tNkY83vbE,0.36177727912197477
sLwlzEVoQ2fv,0.4886135510337723
meYmBMa,0.45256521963055923
jtyblBelXcgIT85,0.5501436944037236
bwYxTvd6pj,0.26457238081099826
xAb8zbMHstS,0.46849749792899087
eHGzDKHpMI,0.36719915441152723
dnzfDT5wY1k5o8,0.6551239157801088
o4d_ZMCaPR669,0.35820579648717843
kxjmGxSdj3tHi,0.6210890029893545
dfHWc2_qwC3NDCK,0.43792595963722253
uJN3VC,0.6414876299719967
ddpLPfmBUhE8,0.31582235494460775
fzeWu51Q4QuVTla,0.5125342665874275
fvSIo2aurRj,0.39888369639292426
pyX35IIVQv,0.7151720540225431
dQVB6A9h0_KryR,0.4641183902700163
r7Vy_BthlVa,0.5585815888584031
g9_OxarnRqOAUn,0.40605053856643797
ggTTeHtNw,0.6102039783808313
vl0z1u62IL7Ncl,0.476089388349177
cMTZSE9okk6j,0.6766101947048656
cVMSpkU44YuFaiO,0.3440808418584849
eXJsfS4am8,0.6604320852284479
fK2wqVJGT54gvuS,0.38177392280164946
g_7Cf1tdhiKEw,0.5108765111820881
ijar9VeLK4,0.46711462895281597
pUprG6dM1MR28N,0.6700002799946929
cD1ky1p0WKII,0.22162185149002978
j33ihpdbJfzq,0.544485581627783
gdcPCRZS1KRaNEl,0.4723829473892531
jKh48a2sGpRjq9w,0.6415886249583528
dybfWfXJkjMWp6m,0.37549445531313275
mb87K0Eu,0.4528234495807397
cHVnuIJXPd3,0.39154144401104035
vCHJ0rxd67g4n,0.6936844511030331
x5SMTJGkkeDi,0.4982633745386157
wnkxDbh7vs,0.5628156928212852
xyYqXBEp0k,0.3233605058594638
cKpMlHgzd5JF,0.5186438047236007
cAX9NIcworqhMwk,0.5004151323519939
neXKBk6SLTROsGY,0.5347833862138924
l4LbQ_rAPqo2wp,0.3418979014186028
leAuT8UVoh,0.5836874980830967
lkVUsvC,0.4703272120022437
iQUdHRtlB2aDAaa,0.59499177785915
pFa_fJWIYmn26,0.47051105024136686
gKZLwiSdGbry7Bu,0.5569965067424122
qhFO5DM8,0.3606679438908109
qCWDGt1jTJKy,0.6238437788140277
lStXf77DFFOqMd3,0.29776350296105303
dbIgDrjqsiBH7PT,0.5996665228407038
rrHJMC,0.34907440159860514
pcGQnQhVkvlw,0.6602866940029686
SZVNvirefQ,0.43297256862643846
uDoxDKkYcHtYqDP,0.5998669599664546
f5Q6F6wbjkS7eB,0.4312383205221738
bz1PWe6KVzo_,0.5661108369788093
wvYJS,0.4908627442478837
qfMgVgNMKi8,0.5034067779415616
rm8V3WUBLNPcNd,0.33082677075242256
vLip1w96w,0.5994698825574629
ldLp3tX6WwVoYA,0.3337036306504143
kNoQsElQpQf_RYl,0.6629332711447355
bRahtGwx06RIgV,0.4520281215979943
vb0ehNa03FWhOZ,0.6945809664390861
sDsjR2Vs,0.49470773718931005
s3eg4rQM0hUjI5,0.6901677264491489
duTyIJwiyzO,0.3238834888037253
usnrPoAY7EtidZb,0.6851986112062795
gEnjmX,0.4820673222439418
xVhkxgncICyjq2G,0.4891704364959762
kOLV4M,0.3660878328956565
ntS__KSkdt,0.5315037636111981
xw557gPj,0.3496258050777386
bc2JTIhYY,0.6764774964610591
qlKI02RO5,0.2841747857177885
mwt9IvKkgihyVg,0.6403413983585532
o_2CP5H6tSIq,0.38561488163911223
ww8iMNDT_,0.6877191617625055
iwmsilgt0,0.45699875028067743
qgzfcSjr2V7C7XW,0.5787169792500249
fAa1yL,0.3427844758223966
sSUxiobquj5z,0.5897154367734844
r9cvqC_bCK,0.49523162064169696
ctt9wSzU,0.6692891732225404
koANc79xbaU,0.3794899760909137
eStcdoaCX0edZEn,0.679906502555091
dSbrVC1yK1,0.3302028014660662
x7SBHD9X1eHlJ,0.6466473987124376
scEm_uvwbKCo8b,0.4206010375660514
rDE4VBM1KSBgNog,0.5919181698026023
ibTZjZXzX,0.28847391290342955
wFTXq0A_7dlI,0.5339007961057897
qr7E3hhIRDA,0.4948921115462553
vth60A9DZpITQwF,0.6822079257438897
xiVQl71NdsN,0.36986697387666373
qEjqrtfo6__TzlC,0.7415461800734243
q6BmRqY8,0.5082245553566472
hxhuC,0.6609953837760835
oKnBkyygjJeT4OZ,0.34649629726564396
kwHvh5kx1gxCsxt,0.6678723948017998
iM_uxYt,0.3678049713332259
n2NtPc9V60N43pn,0.5934429380050439
uclv3vj26Htvx,0.43603788610196886
cSNLPluX9b,0.5807990935911909
tEiy9TJHjW3,0.4519754922198715
hXK1u_iX,0.6372252359251573
v_CYAAKqoA,0.4678673517867951
l2lUKGt,0.5449199317033503
kJOrxGDpuWsjI,0.3768618769607611
eFkbfv5Wsu,0.541577277710479
jtTIHLIvgGACAOL,0.3303020450522689
uPhLdbgaOUK,0.6341285936631278
veWx,0.5219807166678837
tiP6DJB7jKZYQ4K,0.7077279560774801
rTAtdSKpn0ibs,0.3500629682241504
ll4cOgXjKVU,0.6428731349331592
qq17HLnA,0.48615716139394777
ivohGrJy0rBBNh,0.6527331034398101
oFzVcyImHcHmCci,0.4833427458305927
qKpbtTNwXk_Ly,0.7161716365781737
xXLQ_F27UU8XEM,0.42353636934987615
ruQ6EDoSy7tKwr,0.6478101287184646
RtswG0wspvBoC,0.41913617133662573
nP4Ww2qQd,0.5703316480926793
eEfme1LGf2z,0.3939870153639277
HRl8jtY6xwI,0.7453982088044896
q659DpeVQKNpP,0.34031851742367597
cvkdwkXe8,0.5351252510349563
wf8lU7nil9B_,0.36916551028041744
xh8Csv8C,0.5638249975528968
dRKq_MPXqfR3u0,0.3959397203530311
qwtg184xmOxmeMj,0.7464732832441922
uYicBamGKrn,0.4051990652949428
urXbj7,0.6366855220414099
I4iWXQ_UD,0.34717283725782166
hicLarOMuOlI_,0.6350872218780343
t_Q4earc4mshOH,0.32730638083244684
wpHaf0yStnI,0.568936160369946
bebChK7PskxB,0.425441358046262
rCjuqQvpZLHx,0.6348324526087997
tFtBExRJBk,0.4856370570655373
ikiFPHMmtaGdLW,0.6836843866065266
fGlr0YAbXbu7,0.27475486237928937
fa3GwVtFA4b,0.644802298702202
mOELHlQ4gFwNOEt,0.31348926819032735
g3jE7iCVr,0.6301141732323207
m4BlcVeCGQo,0.46406292200915855
iWpBhtqZOjD_0dp,0.7430366419961716
ge9ua7b,0.42605600719441566
t91GK,0.5650368248091457
oiUjFDYis,0.3087400466776796
b0GiwFwd_DE6,0.6489485253231295
bgfywlOA6,0.5195347554672096
czRPoHX3E_B3,0.5710501907111244
jfiiez8DlFjqifd,0.28264203476902416
fE28aNayZ3KZ2,0.5709201432967921
xlqXUr9VIFwMh,0.3801828884379851
o01Bk7QsMt4Ou7f,0.6841053071848193
d2PJ4eiYZ,0.36417824722185393
