qx4t_VX,0.5022468551976533
lqUk0B5gSO7xhrB,0.37911892199707264
k1SRruhluiyxrCz,0.6526943931289533
pfNV4m9ZJyKG,0.42057986515377094
cF6s51G2P47S,0.6779477703860995
f2qgfAlnfxiB7qN,0.42766428536425816
jqU4TUUPEu,0.46637848347663197
jq_clN3FEX,0.3473526941740315
mZtJDzlu_cOra2,0.6690047910882728
fsW5dXZGGIQEs0,0.30735797019523753
l1EluZVQ5W74Rtk,0.6410058362332836
cksHQYVrFx,0.4640414235614429
caLFQL2FEUZ,0.623388843572351
jVHKJGZ,0.5288853913700953
xyUJSebBNSu,0.7579204841300012
7VbnLI9dA,0.3844553778509425
kseppzcENc8pfy,0.6280290059284658
rkaQSdk_xTqaz1,0.425168363122344
nj4TXaS6Zkcl7X,0.5857781643504275
g4UG1YQEnmo,0.4441478162310597
FFGCSVhmpAbS1JS,0.6184154840446991
xY_hl3ftgFJ6,0.3846295495650596
n0Wd1LVPb,0.5963551022813834
sq24HfcN3u,0.5141710435090946
kABBqs5cM25,0.6103449063027955
oWgvq_17Z,0.3727418100563193
dSTN2xwatF5Txs0,0.6364917049499246
uVsKRmP4jDp,0.3265998610600596
qLaMChw1e,0.5003043850533543
dg39qWQ0x8bYHtr,0.38459090173536825
l5TUbzeWJ3Y5,0.514019229554576
wrCJ0vrCrn5S5C,0.36821396889884905
_UqnfSjiEX,0.6008103738245776
o96a5AxEzogl8p,0.2935700913225149
dX2JIpS5Wjevq,0.7224910373261582
rJfaWxNGeU,0.34498946428211086
kBszzoYUVMl,0.6006423637157879
p4YAU5efy,0.3933764748914812
m_7_ghXxwtnJ,0.6497972426109462
r6BNc5VJDHLco8D,0.3212046440701876
eKzjEwUj0h,0.5265849493968362
pU4SxhlN6,0.42948308265312085
hFAPzG5Bmiz,0.6769876935041363
nxLPgTw2lg,0.3360500478721687
bnAa0F2Y5VRG4,0.46978841113265224
g336FaT2YhXw,0.3338154687410989
Ro3m1WbZfOyGi,0.5554512617766584
iQAEvwou6mB,0.42687685817284043
oqg9mdTD9WnS,0.4938876699691684
k2dEdXL,0.28136799176193683
tKjCAHusd9,0.5093272403713595
v5Ct2qy5iTwzgeM,0.3877411313525306
folDdnr,0.5400690402413563
wykBSRFBt,0.3331006803433726
xRmLtYAYJ5,0.6363563940161433
u98bUzGHLXgXO4S,0.485967807466342
mIS9QmnxTykHnkS,0.59427336785728
lcbgxhwH,0.48075290336466336
sCMvPIvmtBW3,0.696334320378867
jyzUXkRYN,0.43823056895721835
7_kg7BsyyTy8,0.5322680065112569
r5KBXKHgz4A,0.42752916635209537
ntPzsU7V,0.5358323338241864
tXiQomcH64W3,0.39471600753041974
b8QbCYl,0.5549406395839989
hzOAn1MqNd,0.397811090383915
pCMjram,0.6546327964319462
jNrMqx8XNTHm5K,0.3019441737718551
n4FRyH4lcbEiHVM,0.5601484732099776
bLGuM9uvR3Ogqo4,0.46287657716711944
jw09IIGPHPy,0.5407810715729875
k0eeWvWBD,0.3475077823491657
fo9U2QjN2t,0.6694906177739605
vuXgijpIg,0.3868173490357698
fmT904TjDcsE,0.6217363383252996
rQInjjREosu,0.315515593611632
w_JvQuPvO6_Goqs,0.6316278652439087
iLzKpKGGrSvlh,0.31400565818246395
l7AyNLcqXS85hCp,0.5961012265345298
wizae58MiTmGe,0.39593326659670897
qtQmgAdMbsnDNB,0.6107165715127261
lYUYC0uJF19Ka,0.4136998322697904
nWfN7yBL9vY,0.4999717621359577
qhV6DmemqXKprwU,0.4243321313791689
nINcNi304N,0.5109582887247902
tNkY83vbE,0.3578326030076044
sLwlzEVoQ2fv,0.47957654472441286
meYmBMa,0.42902080292334116
jtyblBelXcgIT85,0.5330481228428187
bwYxTvd6pj,0.28156826417632763
xAb8zbMHstS,0.45935369530004805
eHGzDKHpMI,0.37328523857410795
dnzfDT5wY1k5o8,0.6595399697583021
o4d_ZMCaPR669,0.34810307604600227
kxjmGxSdj3tHi,0.6216079247541928
dfHWc2_qwC3NDCK,0.41096856313252833
uJN3VC,0.6353842333497365
ddpLPfmBUhE8,0.3113872929289062
fzeWu51Q4QuVTla,0.5052225453582561
fvSIo2aurRj,0.39268498116724115
pyX35IIVQv,0.709842011545475
dQVB6A9h0_KryR,0.4505214795119652
r7Vy_BthlVa,0.5592865581539367
g9_OxarnRqOAUn,0.39383007834376166
ggTTeHtNw,0.5877189469522499
vl0z1u62IL7Ncl,0.4530738242398596
cMTZSE9okk6j,0.6632071804767802
cVMSpkU44YuFaiO,0.3494548660996223
eXJsfS4am8,0.6448644514424157
fK2wqVJGT54gvuS,0.37475387616443434
g_7Cf1tdhiKEw,0.5098818135219787
ijar9VeLK4,0.46445826679549623
pUprG6dM1MR28N,0.6721064283021161
cD1ky1p0WKII,0.2486010438675788
lidbdt,0.6087845458055637
hZJVerES,0.43777376041769644
hCX3ND,0.5739201857465713
brLupKkBSjAvYfj,0.410067667841631
bAkRNyg7Fceb,0.6905142992316762
hfchSKPX25emwy,0.35600441383287434
v3nE3bWaUq,0.6215751842752016
hAYtV3a,0.4933933048879025
kjBLh4vEyTTkaJI,0.5530311248572738
h6uymsrX6mbFlh,0.4244049588969303
ioY8SXeZ4O,0.5627272874553776
gs0oICfYwquGoVz,0.3046125675208333
JYCWB2ej5lrw,0.6049460719849394
f5ndxWrZKIE,0.45428044634025616
k2A8t8IGuXAQg,0.6379497419058816
wVyVdyXBJi1s,0.4377960625085473
rvmqAcBd6rBPmv,0.5044091802382121
rqH6uvD9RGX,0.40309780219923186
efcONMPzgk9hV_z,0.5532987121390616
szH3rmr6ysC,0.4146112584954909
oe2Lc97,0.621990311065089
dMRTIPTVKC0FRR,0.3841020726350966
p7eTalN7koz,0.5189043520059136
fFRVeo1I,0.4171267272892446
dFJ7PnU,0.5458098355912396
oHuBNnwz,0.44120879128083146
nhcJCpQck,0.621345851842942
jpA80RCT8ljL9e,0.35752674677187923
bz1PWe6KVzo_,0.5744998605554562
wvYJS,0.47138641129719144
qfMgVgNMKi8,0.5102692825698586
rm8V3WUBLNPcNd,0.32495569837820765
vLip1w96w,0.6181087365230169
ldLp3tX6WwVoYA,0.32824002746111686
kNoQsElQpQf_RYl,0.6510635778790389
bRahtGwx06RIgV,0.4413801485042738
vb0ehNa03FWhOZ,0.7100765829366229
sDsjR2Vs,0.4814115234747548
s3eg4rQM0hUjI5,0.7029857847466574
duTyIJwiyzO,0.31721565215785996
usnrPoAY7EtidZb,0.6895516684842244
gEnjmX,0.4599549486631678
xVhkxgncICyjq2G,0.48710825876971536
kOLV4M,0.3610717942357893
ntS__KSkdt,0.5525757079708805
xw557gPj,0.35134410184634596
bc2JTIhYY,0.6918884933393183
qlKI02RO5,0.2690347483588027
mwt9IvKkgihyVg,0.637170495723604
o_2CP5H6tSIq,0.3655202036228667
ww8iMNDT_,0.7021707663441267
iwmsilgt0,0.4477250453191879
qgzfcSjr2V7C7XW,0.5538395789325566
fAa1yL,0.3537450162968153
sSUxiobquj5z,0.5900989597454629
r9cvqC_bCK,0.450217010391058
ctt9wSzU,0.6650578984965625
koANc79xbaU,0.3517846041263673
eStcdoaCX0edZEn,0.6569169400489885
dSbrVC1yK1,0.33506678621558916
x7SBHD9X1eHlJ,0.6461629490974898
scEm_uvwbKCo8b,0.3900324980470243
rDE4VBM1KSBgNog,0.6019045340377667
ibTZjZXzX,0.313366015788798
wFTXq0A_7dlI,0.548911830352295
qr7E3hhIRDA,0.4966944982511779
vth60A9DZpITQwF,0.6589569492959476
xiVQl71NdsN,0.3513251216607462
qEjqrtfo6__TzlC,0.7250295159406398
q6BmRqY8,0.5002919544665884
hxhuC,0.6775463894957693
oKnBkyygjJeT4OZ,0.3676311658027768
kwHvh5kx1gxCsxt,0.6563331297163983
iM_uxYt,0.3832611103159635
n2NtPc9V60N43pn,0.5663623988238253
uclv3vj26Htvx,0.44582790910582654
cSNLPluX9b,0.6178158343649818
tEiy9TJHjW3,0.44215509964393196
hXK1u_iX,0.6246237745441954
v_CYAAKqoA,0.45524473045449354
l2lUKGt,0.5321258051896303
kJOrxGDpuWsjI,0.37556028404937164
eFkbfv5Wsu,0.5522835165708416
jtTIHLIvgGACAOL,0.3260286740091408
uPhLdbgaOUK,0.6265898887072515
veWx,0.49883556739055157
tiP6DJB7jKZYQ4K,0.7131437684296901
rTAtdSKpn0ibs,0.3690835883025681
ll4cOgXjKVU,0.6560549425404187
qq17HLnA,0.47076338450060046
ivohGrJy0rBBNh,0.6387327901095992
oFzVcyImHcHmCci,0.47335870552040304
qKpbtTNwXk_Ly,0.7002999124209087
xXLQ_F27UU8XEM,0.41248782435512904
ruQ6EDoSy7tKwr,0.6536872104201089
RtswG0wspvBoC,0.40095415598785955
nP4Ww2qQd,0.6173337412480671
eEfme1LGf2z,0.3996741403365779
HRl8jtY6xwI,0.7641518172314042
q659DpeVQKNpP,0.3674710464361603
cvkdwkXe8,0.5259703713925952
wf8lU7nil9B_,0.39907176350134754
xh8Csv8C,0.5551696786090501
dRKq_MPXqfR3u0,0.37502128084990993
qwtg184xmOxmeMj,0.7492295424854388
uYicBamGKrn,0.3939256482946225
urXbj7,0.6329766131758836
I4iWXQ_UD,0.3310257564119373
hicLarOMuOlI_,0.6427879814974732
t_Q4earc4mshOH,0.30427136948434813
wpHaf0yStnI,0.5362950031017242
bebChK7PskxB,0.42584002571561286
rCjuqQvpZLHx,0.6267498144986937
tFtBExRJBk,0.4552980622487734
ikiFPHMmtaGdLW,0.6830804682740554
fGlr0YAbXbu7,0.30209225427913144
fa3GwVtFA4b,0.6581989846009172
mOELHlQ4gFwNOEt,0.3224587940759795
g3jE7iCVr,0.6202741452693282
m4BlcVeCGQo,0.4695880578214354
iWpBhtqZOjD_0dp,0.7346542301744775
ge9ua7b,0.4390137532459312
t91GK,0.5902400698645296
oiUjFDYis,0.3168526939721509
b0GiwFwd_DE6,0.6375006512784833
bgfywlOA6,0.5267941582213964
czRPoHX3E_B3,0.5460130975152854
jfiiez8DlFjqifd,0.28489239808493844
fE28aNayZ3KZ2,0.6113592207675166
xlqXUr9VIFwMh,0.3642450032230973
o01Bk7QsMt4Ou7f,0.67639559057415
d2PJ4eiYZ,0.3497545291003864
