qx4t_VX,0.4964686539571777
lqUk0B5gSO7xhrB,0.4055054004881127
k1SRruhluiyxrCz,0.6372437877276774
pfNV4m9ZJyKG,0.39532717621985
cF6s51G2P47S,0.6775599693218661
f2qgfAlnfxiB7qN,0.4465698502660843
jqU4TUUPEu,0.4720646171924205
jq_clN3FEX,0.393575012215262
mZtJDzlu_cOra2,0.656508129730403
fsW5dXZGGIQEs0,0.29762208156910663
l1EluZVQ5W74Rtk,0.6288458424778274
cksHQYVrFx,0.4976192975892617
caLFQL2FEUZ,0.6178158096592761
jVHKJGZ,0.5313606302695303
xyUJSebBNSu,0.7193805528715185
7VbnLI9dA,0.3756269210966113
kseppzcENc8pfy,0.6174316678391777
rkaQSdk_xTqaz1,0.41681188427277854
nj4TXaS6Zkcl7X,0.5837315111026491
g4UG1YQEnmo,0.43651576901209244
FFGCSVhmpAbS1JS,0.5930930297244672
xY_hl3ftgFJ6,0.3936241152145095
n0Wd1LVPb,0.5994456371850794
sq24HfcN3u,0.5044438575072316
kABBqs5cM25,0.5990521571547269
oWgvq_17Z,0.3923017400563308
dSTN2xwatF5Txs0,0.632811587559398
uVsKRmP4jDp,0.32756451990511093
qLaMChw1e,0.5089710472691507
dg39qWQ0x8bYHtr,0.3830221048940903
l5TUbzeWJ3Y5,0.5391114405992435
wrCJ0vrCrn5S5C,0.35515675658673773
_UqnfSjiEX,0.643621241898203
o96a5AxEzogl8p,0.30946970679245644
dX2JIpS5Wjevq,0.7227413973519364
rJfaWxNGeU,0.3361297593350145
kBszzoYUVMl,0.5804510451630094
p4YAU5efy,0.39147014396106405
m_7_ghXxwtnJ,0.6319144504850367
r6BNc5VJDHLco8D,0.3250166009689831
eKzjEwUj0h,0.5252611198280484
pU4SxhlN6,0.4638645410094198
hFAPzG5Bmiz,0.6633706775296203
nxLPgTw2lg,0.35470128173539445
bnAa0F2Y5VRG4,0.46290327120152186
g336FaT2YhXw,0.33421081441314415
Ro3m1WbZfOyGi,0.5539177368338845
iQAEvwou6mB,0.4312391673493582
oqg9mdTD9WnS,0.5133007227820607
k2dEdXL,0.26915930562375534
tKjCAHusd9,0.5217676441718329
v5Ct2qy5iTwzgeM,0.41897103859688084
folDdnr,0.54956503485964
wykBSRFBt,0.3468314198102432
xRmLtYAYJ5,0.6290081958613848
u98bUzGHLXgXO4S,0.4956321365070513
mIS9QmnxTykHnkS,0.6075202898544929
lcbgxhwH,0.4923173014418715
sCMvPIvmtBW3,0.6918890642011848
jyzUXkRYN,0.4363887638954431
7_kg7BsyyTy8,0.5114791809327557
r5KBXKHgz4A,0.4175551134282552
ntPzsU7V,0.548724124490058
tXiQomcH64W3,0.3978508087117646
b8QbCYl,0.5756851540838608
hzOAn1MqNd,0.4190794285762799
pCMjram,0.6550486331712945
jNrMqx8XNTHm5K,0.3020801174346747
n4FRyH4lcbEiHVM,0.5873241299873224
bLGuM9uvR3Ogqo4,0.475453350406076
jw09IIGPHPy,0.54656120422881
k0eeWvWBD,0.34412687778584167
fo9U2QjN2t,0.6755612345812573
vuXgijpIg,0.3992480254282755
fmT904TjDcsE,0.6378428474994119
rQInjjREosu,0.33123052630333616
w_JvQuPvO6_Goqs,0.6501853055782308
iLzKpKGGrSvlh,0.3179666766392941
l7AyNLcqXS85hCp,0.6094654916756239
wizae58MiTmGe,0.40047997097286464
qtQmgAdMbsnDNB,0.6048482190774114
lYUYC0uJF19Ka,0.37520487538039893
nWfN7yBL9vY,0.49494781089613044
qhV6DmemqXKprwU,0.4019017060450678
nINcNi304N,0.5179828439672578
tNkY83vbE,0.3657955543136826
sLwlzEVoQ2fv,0.49176737504155527
meYmBMa,0.4328517049810847
jtyblBelXcgIT85,0.5540882724746562
bwYxTvd6pj,0.2781043671940997
xAb8zbMHstS,0.4598296347129231
eHGzDKHpMI,0.36899397114430127
dnzfDT5wY1k5o8,0.6494054468775212
o4d_ZMCaPR669,0.37168635197871286
kxjmGxSdj3tHi,0.6047543614824121
dfHWc2_qwC3NDCK,0.41136321464980513
uJN3VC,0.6347815619932416
ddpLPfmBUhE8,0.29689806993599793
fzeWu51Q4QuVTla,0.5169592622189524
fvSIo2aurRj,0.39669418994137856
pyX35IIVQv,0.6965487800255236
dQVB6A9h0_KryR,0.44083353875921866
r7Vy_BthlVa,0.5823920371442958
g9_OxarnRqOAUn,0.40082108319847787
ggTTeHtNw,0.6240214813949597
vl0z1u62IL7Ncl,0.4733573431578936
cMTZSE9okk6j,0.6706912513834185
cVMSpkU44YuFaiO,0.33445372220114394
eXJsfS4am8,0.6440748920753236
fK2wqVJGT54gvuS,0.40376778821826687
g_7Cf1tdhiKEw,0.5035330566334548
ijar9VeLK4,0.45535237179185195
pUprG6dM1MR28N,0.6739560293141548
cD1ky1p0WKII,0.23826912193044336
lidbdt,0.6135741590534934
hZJVerES,0.44461477667884663
hCX3ND,0.5509293598066248
brLupKkBSjAvYfj,0.43814822971346784
bAkRNyg7Fceb,0.6987969850774682
hfchSKPX25emwy,0.3627578072959782
v3nE3bWaUq,0.6114246951675011
hAYtV3a,0.5057981883697107
kjBLh4vEyTTkaJI,0.5679768781405056
h6uymsrX6mbFlh,0.410624002436528
ioY8SXeZ4O,0.5534582507182576
gs0oICfYwquGoVz,0.30518497389372107
JYCWB2ej5lrw,0.5925837424266972
f5ndxWrZKIE,0.4737435543937268
k2A8t8IGuXAQg,0.6064971154058362
wVyVdyXBJi1s,0.4543615740545867
rvmqAcBd6rBPmv,0.49447826760515334
rqH6uvD9RGX,0.40383083048827095
efcONMPzgk9hV_z,0.5593374311931459
szH3rmr6ysC,0.4203865057148203
oe2Lc97,0.5983716511943888
dMRTIPTVKC0FRR,0.37953738250383984
p7eTalN7koz,0.5169653176236949
fFRVeo1I,0.41528521992548606
dFJ7PnU,0.5500395649275471
oHuBNnwz,0.4610373788857872
nhcJCpQck,0.6309913167484935
jpA80RCT8ljL9e,0.35003125224860787
j33ihpdbJfzq,0.5383652541771622
gdcPCRZS1KRaNEl,0.4709320341009082
jKh48a2sGpRjq9w,0.650633811883033
dybfWfXJkjMWp6m,0.36002907675651985
mb87K0Eu,0.4452165131429968
cHVnuIJXPd3,0.4219462404060189
vCHJ0rxd67g4n,0.674836267916131
x5SMTJGkkeDi,0.4589243023776992
wnkxDbh7vs,0.5638491226016088
xyYqXBEp0k,0.3065382436230123
cKpMlHgzd5JF,0.4995898048079984
cAX9NIcworqhMwk,0.48807712931586794
neXKBk6SLTROsGY,0.5233978765258854
l4LbQ_rAPqo2wp,0.3738444760081414
leAuT8UVoh,0.5878756684203263
lkVUsvC,0.4651856780398491
iQUdHRtlB2aDAaa,0.6099918246383143
pFa_fJWIYmn26,0.4858003860250808
gKZLwiSdGbry7Bu,0.5351498579627504
qhFO5DM8,0.361565069954294
qCWDGt1jTJKy,0.6165378437681265
lStXf77DFFOqMd3,0.29082309806054335
dbIgDrjqsiBH7PT,0.5732557101011324
rrHJMC,0.3470263008290708
pcGQnQhVkvlw,0.6821386701130981
SZVNvirefQ,0.42968042491551145
uDoxDKkYcHtYqDP,0.6082296534504981
f5Q6F6wbjkS7eB,0.4201159725312748
ctt9wSzU,0.6597989407008279
koANc79xbaU,0.3584012739262765
eStcdoaCX0edZEn,0.6643740964499699
dSbrVC1yK1,0.3472392185693143
x7SBHD9X1eHlJ,0.6053696261403746
scEm_uvwbKCo8b,0.40851586890751457
rDE4VBM1KSBgNog,0.6119944232197869
ibTZjZXzX,0.30377873074174716
wFTXq0A_7dlI,0.5202696159096571
qr7E3hhIRDA,0.5051208335421938
vth60A9DZpITQwF,0.6755488253493422
xiVQl71NdsN,0.37854327614879524
qEjqrtfo6__TzlC,0.7457172946830491
q6BmRqY8,0.5013908078074925
hxhuC,0.6740952414256985
oKnBkyygjJeT4OZ,0.35401297387214065
kwHvh5kx1gxCsxt,0.6683827195103482
iM_uxYt,0.3693444095689073
n2NtPc9V60N43pn,0.576577080328641
uclv3vj26Htvx,0.4423093851695225
cSNLPluX9b,0.5902946458557728
tEiy9TJHjW3,0.4332815524341729
hXK1u_iX,0.6228905583766686
v_CYAAKqoA,0.45272866400078987
l2lUKGt,0.5473580887890414
kJOrxGDpuWsjI,0.3786553474448637
eFkbfv5Wsu,0.5489592854844059
jtTIHLIvgGACAOL,0.32499374039167267
uPhLdbgaOUK,0.6242350777672628
veWx,0.5192230835437841
tiP6DJB7jKZYQ4K,0.7206050108954168
rTAtdSKpn0ibs,0.3561338719152595
ll4cOgXjKVU,0.6379342925407506
qq17HLnA,0.48421739226992433
ivohGrJy0rBBNh,0.6522881185723932
oFzVcyImHcHmCci,0.46926653212212815
qKpbtTNwXk_Ly,0.6908387303653489
xXLQ_F27UU8XEM,0.41912533888963777
ruQ6EDoSy7tKwr,0.6491880227381381
RtswG0wspvBoC,0.4333419293513161
nP4Ww2qQd,0.5988628837674489
eEfme1LGf2z,0.39339685716728706
HRl8jtY6xwI,0.7201939805334353
q659DpeVQKNpP,0.3575956659390303
cvkdwkXe8,0.5371740125065761
wf8lU7nil9B_,0.3965404136424491
xh8Csv8C,0.5609873235894154
dRKq_MPXqfR3u0,0.3835674326618291
qwtg184xmOxmeMj,0.7481688933951255
uYicBamGKrn,0.42322845823637334
urXbj7,0.6278773024090788
I4iWXQ_UD,0.34670584256672643
hicLarOMuOlI_,0.6397365188112506
t_Q4earc4mshOH,0.3337401844652788
wpHaf0yStnI,0.5461145746784981
bebChK7PskxB,0.41000922782631505
rCjuqQvpZLHx,0.6329940187550174
tFtBExRJBk,0.4604339195780229
ikiFPHMmtaGdLW,0.6791874117440349
fGlr0YAbXbu7,0.30316414861824137
fa3GwVtFA4b,0.6632411230794732
mOELHlQ4gFwNOEt,0.30821440512258386
g3jE7iCVr,0.6423855242885385
m4BlcVeCGQo,0.46673663354345213
iWpBhtqZOjD_0dp,0.7498771194211364
ge9ua7b,0.4482329604208263
t91GK,0.5789100323591138
oiUjFDYis,0.30743741892654664
b0GiwFwd_DE6,0.626793040638419
bgfywlOA6,0.5320774116159273
czRPoHX3E_B3,0.5525271639995962
jfiiez8DlFjqifd,0.3010628021539149
fE28aNayZ3KZ2,0.5757182673936472
xlqXUr9VIFwMh,0.3688438898271034
o01Bk7QsMt4Ou7f,0.6803372171304255
d2PJ4eiYZ,0.3534904360059399
