qx4t_VX,0.5367946569943324
lqUk0B5gSO7xhrB,0.3844654681583113
k1SRruhluiyxrCz,0.6644962727692201
pfNV4m9ZJyKG,0.41641451817216096
cF6s51G2P47S,0.6883223033327375
f2qgfAlnfxiB7qN,0.4316112199333395
jqU4TUUPEu,0.4637271066528831
jq_clN3FEX,0.36872777818901126
mZtJDzlu_cOra2,0.6612382283363212
fsW5dXZGGIQEs0,0.29952287479903156
l1EluZVQ5W74Rtk,0.6311912042811748
cksHQYVrFx,0.4842154650370758
caLFQL2FEUZ,0.6037727464479598
jVHKJGZ,0.5225592331712354
xyUJSebBNSu,0.738016143267793
7VbnLI9dA,0.35942665970450394
kseppzcENc8pfy,0.6296044204278868
rkaQSdk_xTqaz1,0.418891546680311
nj4TXaS6Zkcl7X,0.5789812158565493
g4UG1YQEnmo,0.42377535995694077
FFGCSVhmpAbS1JS,0.6003090472220635
xY_hl3ftgFJ6,0.39090898236983906
n0Wd1LVPb,0.5857473501034406
sq24HfcN3u,0.5257646889240242
kABBqs5cM25,0.6017969240575487
oWgvq_17Z,0.37182840119704047
dSTN2xwatF5Txs0,0.6166436961092479
uVsKRmP4jDp,0.34157016909053056
qLaMChw1e,0.5225703948647747
dg39qWQ0x8bYHtr,0.3923413280148896
l5TUbzeWJ3Y5,0.5226903618105326
wrCJ0vrCrn5S5C,0.36958778566859507
_UqnfSjiEX,0.6237113026869928
o96a5AxEzogl8p,0.32027020476403334
dX2JIpS5Wjevq,0.7145414724491118
rJfaWxNGeU,0.351931111949443
kBszzoYUVMl,0.6113694966137918
p4YAU5efy,0.39737088431628936
m_7_ghXxwtnJ,0.6764586143523252
r6BNc5VJDHLco8D,0.3373659491765828
eKzjEwUj0h,0.5107485557976231
pU4SxhlN6,0.45493729510803227
hFAPzG5Bmiz,0.6779093673378063
nxLPgTw2lg,0.3406710968865637
bnAa0F2Y5VRG4,0.4766508373988903
g336FaT2YhXw,0.3528639850535338
Ro3m1WbZfOyGi,0.572895948682852
iQAEvwou6mB,0.41612917576212927
oqg9mdTD9WnS,0.49643566815902723
k2dEdXL,0.2853666843066856
tKjCAHusd9,0.5005871073663039
v5Ct2qy5iTwzgeM,0.3923412416043401
folDdnr,0.5320701177102717
wykBSRFBt,0.3801695402036582
xRmLtYAYJ5,0.673542240744586
u98bUzGHLXgXO4S,0.49827044177714197
mIS9QmnxTykHnkS,0.6019574083058836
lcbgxhwH,0.472740359235089
sCMvPIvmtBW3,0.6813362503084163
jyzUXkRYN,0.43270970412036935
7_kg7BsyyTy8,0.5325618173679513
r5KBXKHgz4A,0.4248721367141476
ntPzsU7V,0.5331015930677655
tXiQomcH64W3,0.3668090906689216
b8QbCYl,0.5460424160259983
hzOAn1MqNd,0.40625458093650546
pCMjram,0.6643615782473202
jNrMqx8XNTHm5K,0.3091782856550462
n4FRyH4lcbEiHVM,0.5555357740308131
bLGuM9uvR3Ogqo4,0.44512385575870855
jw09IIGPHPy,0.5248777771861668
k0eeWvWBD,0.35292687389177957
fo9U2QjN2t,0.664909325797513
vuXgijpIg,0.37582600197047095
fmT904TjDcsE,0.6372624273362957
rQInjjREosu,0.34473923802067197
w_JvQuPvO6_Goqs,0.6551058221673034
iLzKpKGGrSvlh,0.3130064419440268
l7AyNLcqXS85hCp,0.6114376857919297
wizae58MiTmGe,0.39316691912672863
qtQmgAdMbsnDNB,0.6251169789914066
lYUYC0uJF19Ka,0.3929906903065097
nWfN7yBL9vY,0.49155335700026653
qhV6DmemqXKprwU,0.42484431236682546
nINcNi304N,0.5059291100014408
tNkY83vbE,0.3617703992348156
sLwlzEVoQ2fv,0.48993733472103307
meYmBMa,0.41052066107951224
jtyblBelXcgIT85,0.5251636891493195
bwYxTvd6pj,0.30777798079149105
xAb8zbMHstS,0.45745248848661274
eHGzDKHpMI,0.37535930183107036
dnzfDT5wY1k5o8,0.6369529770516826
o4d_ZMCaPR669,0.35622472598191574
kxjmGxSdj3tHi,0.6081038156571327
dfHWc2_qwC3NDCK,0.4084245096640508
uJN3VC,0.6226571755088999
ddpLPfmBUhE8,0.3295881105463521
fzeWu51Q4QuVTla,0.5099907470093826
fvSIo2aurRj,0.418787217524799
pyX35IIVQv,0.6909726369188474
dQVB6A9h0_KryR,0.4739236390044631
r7Vy_BthlVa,0.5783412532676871
g9_OxarnRqOAUn,0.41812276841732643
ggTTeHtNw,0.6066991420610718
vl0z1u62IL7Ncl,0.44636637180323063
cMTZSE9okk6j,0.654486742721809
cVMSpkU44YuFaiO,0.34048302712692896
eXJsfS4am8,0.6530137233108979
fK2wqVJGT54gvuS,0.389686120738944
g_7Cf1tdhiKEw,0.5178775687914756
ijar9VeLK4,0.47598590208858454
pUprG6dM1MR28N,0.6438266816805558
cD1ky1p0WKII,0.2438918883924059
lidbdt,0.6238302765184495
hZJVerES,0.4329375290865563
hCX3ND,0.5642691241118171
brLupKkBSjAvYfj,0.42682337884210825
bAkRNyg7Fceb,0.693993556930679
hfchSKPX25emwy,0.3673280829659513
v3nE3bWaUq,0.6239628796108706
hAYtV3a,0.5067353948367801
kjBLh4vEyTTkaJI,0.5548099183172392
h6uymsrX6mbFlh,0.398726728681077
ioY8SXeZ4O,0.5850846117871794
gs0oICfYwquGoVz,0.32883471056092706
JYCWB2ej5lrw,0.60558179777781
f5ndxWrZKIE,0.4603271339909476
k2A8t8IGuXAQg,0.6088295203056857
wVyVdyXBJi1s,0.4324985042910419
rvmqAcBd6rBPmv,0.5026760842172283
rqH6uvD9RGX,0.400178665138336
efcONMPzgk9hV_z,0.5554960312034379
szH3rmr6ysC,0.41800725492844665
oe2Lc97,0.6249948576532152
dMRTIPTVKC0FRR,0.3906570734369982
p7eTalN7koz,0.5102557813266732
fFRVeo1I,0.4211694025454872
dFJ7PnU,0.5388671659905986
oHuBNnwz,0.44278659107875484
nhcJCpQck,0.6170577079323863
jpA80RCT8ljL9e,0.359935024508032
j33ihpdbJfzq,0.5178166364214404
gdcPCRZS1KRaNEl,0.4542893408296874
jKh48a2sGpRjq9w,0.6350322178511594
dybfWfXJkjMWp6m,0.3655512068369143
mb87K0Eu,0.45953531845580414
cHVnuIJXPd3,0.4078262511584552
vCHJ0rxd67g4n,0.6704631275792647
x5SMTJGkkeDi,0.4583667596958941
wnkxDbh7vs,0.5496863999634289
xyYqXBEp0k,0.34753824186269144
cKpMlHgzd5JF,0.5332902931601763
cAX9NIcworqhMwk,0.4633530361531464
neXKBk6SLTROsGY,0.5019162908216523
l4LbQ_rAPqo2wp,0.3873246773533933
leAuT8UVoh,0.5724141060821063
lkVUsvC,0.4653522292659039
iQUdHRtlB2aDAaa,0.6358348918719395
pFa_fJWIYmn26,0.4807367201915591
gKZLwiSdGbry7Bu,0.5635237317193356
qhFO5DM8,0.36276603305683475
qCWDGt1jTJKy,0.6301280635464435
lStXf77DFFOqMd3,0.29605926579483577
dbIgDrjqsiBH7PT,0.5912283689761307
rrHJMC,0.358238919581916
pcGQnQhVkvlw,0.6863705664297591
SZVNvirefQ,0.42344414294299465
uDoxDKkYcHtYqDP,0.6148549559408314
f5Q6F6wbjkS7eB,0.4262069972002886
bz1PWe6KVzo_,0.5732439239668586
wvYJS,0.4669026654586279
qfMgVgNMKi8,0.5097083663748699
rm8V3WUBLNPcNd,0.34342060515075273
vLip1w96w,0.64032878261121
ldLp3tX6WwVoYA,0.34157355025688024
kNoQsElQpQf_RYl,0.6402948130392727
bRahtGwx06RIgV,0.4441142787558314
vb0ehNa03FWhOZ,0.700144110178975
sDsjR2Vs,0.4792013753693318
s3eg4rQM0hUjI5,0.6933398381101693
duTyIJwiyzO,0.2965049381669735
usnrPoAY7EtidZb,0.6791932038355839
gEnjmX,0.4413227982487856
xVhkxgncICyjq2G,0.49467975382956375
kOLV4M,0.3641261806225995
ntS__KSkdt,0.5524367746951202
xw557gPj,0.3682090600593692
bc2JTIhYY,0.6975235190603598
qlKI02RO5,0.2981504156045584
mwt9IvKkgihyVg,0.6238521734892887
o_2CP5H6tSIq,0.37539813305184017
ww8iMNDT_,0.6810069546184038
iwmsilgt0,0.4488617682606136
qgzfcSjr2V7C7XW,0.5510201427768647
fAa1yL,0.35828069093095105
sSUxiobquj5z,0.5808052833596397
r9cvqC_bCK,0.4621750765275078
eFkbfv5Wsu,0.5400400316365513
jtTIHLIvgGACAOL,0.33797518807783583
uPhLdbgaOUK,0.6280850803656215
veWx,0.5067377834838491
tiP6DJB7jKZYQ4K,0.7151583699112076
rTAtdSKpn0ibs,0.38014130016272996
ll4cOgXjKVU,0.6597357706350147
qq17HLnA,0.46122988725057423
ivohGrJy0rBBNh,0.6373029547997294
oFzVcyImHcHmCci,0.46757782213391447
qKpbtTNwXk_Ly,0.7134687244055936
xXLQ_F27UU8XEM,0.41951269160514537
ruQ6EDoSy7tKwr,0.6587232301641198
RtswG0wspvBoC,0.414590990849525
nP4Ww2qQd,0.615435584037436
eEfme1LGf2z,0.4063910999693631
HRl8jtY6xwI,0.7446396091171507
q659DpeVQKNpP,0.37151254139309353
cvkdwkXe8,0.5467444076168905
wf8lU7nil9B_,0.40576017052473645
xh8Csv8C,0.5582541954346149
dRKq_MPXqfR3u0,0.3864510372633645
qwtg184xmOxmeMj,0.7428005473368076
uYicBamGKrn,0.4075174649173611
urXbj7,0.6120981196829225
I4iWXQ_UD,0.3391341503818737
hicLarOMuOlI_,0.6292414310426437
t_Q4earc4mshOH,0.3216516665198484
wpHaf0yStnI,0.5577805217165112
bebChK7PskxB,0.43324759011511305
rCjuqQvpZLHx,0.6209342118003974
tFtBExRJBk,0.4585184472260245
ikiFPHMmtaGdLW,0.6923417237165547
fGlr0YAbXbu7,0.31907338176938027
fa3GwVtFA4b,0.6515861311666834
mOELHlQ4gFwNOEt,0.35180337663304434
g3jE7iCVr,0.6207966833612655
m4BlcVeCGQo,0.45744138777324583
iWpBhtqZOjD_0dp,0.7363846348279388
ge9ua7b,0.43498093896413964
t91GK,0.6026055426145921
oiUjFDYis,0.30124727049974176
b0GiwFwd_DE6,0.641381339056508
bgfywlOA6,0.5224019626201193
czRPoHX3E_B3,0.5336829446057986
jfiiez8DlFjqifd,0.30511943050590795
fE28aNayZ3KZ2,0.5853405676726265
xlqXUr9VIFwMh,0.36381412551399295
o01Bk7QsMt4Ou7f,0.6878959441226536
d2PJ4eiYZ,0.3609996888880421
