qx4t_VX,0.5252801941780967
lqUk0B5gSO7xhrB,0.40874349960761003
k1SRruhluiyxrCz,0.6901288799858716
pfNV4m9ZJyKG,0.4258073871564201
cF6s51G2P47S,0.6804747676488072
f2qgfAlnfxiB7qN,0.4266544577686486
jqU4TUUPEu,0.4686371637229739
jq_clN3FEX,0.36522343724873957
mZtJDzlu_cOra2,0.6687757755023915
fsW5dXZGGIQEs0,0.3007660907167488
l1EluZVQ5W74Rtk,0.6457342576512778
cksHQYVrFx,0.4851180047653081
caLFQL2FEUZ,0.6195996600353146
jVHKJGZ,0.5239327994928548
xyUJSebBNSu,0.7214712150526706
7VbnLI9dA,0.36043494765196005
kseppzcENc8pfy,0.6318588205533245
rkaQSdk_xTqaz1,0.4333749132396884
nj4TXaS6Zkcl7X,0.5843950724974104
g4UG1YQEnmo,0.43142860653928516
FFGCSVhmpAbS1JS,0.5839464101220856
xY_hl3ftgFJ6,0.38756376511128465
n0Wd1LVPb,0.6045052040408596
sq24HfcN3u,0.5124648886071469
kABBqs5cM25,0.5876396566908441
oWgvq_17Z,0.3689186597957678
dSTN2xwatF5Txs0,0.6234873185574251
uVsKRmP4jDp,0.3558190603472458
qLaMChw1e,0.5232617422544598
dg39qWQ0x8bYHtr,0.3587124589451279
l5TUbzeWJ3Y5,0.5333076902719881
wrCJ0vrCrn5S5C,0.3744449589685152
_UqnfSjiEX,0.6398289739327845
o96a5AxEzogl8p,0.3154376591857736
dX2JIpS5Wjevq,0.7129088243179768
rJfaWxNGeU,0.3635659067041495
kBszzoYUVMl,0.6070099322491042
p4YAU5efy,0.4126959422731363
m_7_ghXxwtnJ,0.6641545112930213
r6BNc5VJDHLco8D,0.34803730847580305
eKzjEwUj0h,0.5334736821434471
pU4SxhlN6,0.4536738396384512
hFAPzG5Bmiz,0.6554749769016343
nxLPgTw2lg,0.3463465334699242
bnAa0F2Y5VRG4,0.4834691246879899
g336FaT2YhXw,0.33106634224048254
Ro3m1WbZfOyGi,0.5559670587472189
iQAEvwou6mB,0.4127806797718754
oqg9mdTD9WnS,0.5165394047925898
k2dEdXL,0.2701058818809962
tKjCAHusd9,0.5019612369001885
v5Ct2qy5iTwzgeM,0.40510883742806014
folDdnr,0.5554605396826484
wykBSRFBt,0.3849245216733682
xRmLtYAYJ5,0.6412191250512003
u98bUzGHLXgXO4S,0.4972529451800291
mIS9QmnxTykHnkS,0.6001786912296703
lcbgxhwH,0.4803189629069733
sCMvPIvmtBW3,0.6956769012795503
jyzUXkRYN,0.4337120550603915
7_kg7BsyyTy8,0.5251732650863119
r5KBXKHgz4A,0.4258673076891741
ntPzsU7V,0.5411048721268611
tXiQomcH64W3,0.3923965686074954
b8QbCYl,0.5617406656539012
hzOAn1MqNd,0.3957023738077441
pCMjram,0.6654361343644823
jNrMqx8XNTHm5K,0.29480692954499554
n4FRyH4lcbEiHVM,0.5708080666436123
bLGuM9uvR3Ogqo4,0.4728955388953253
jw09IIGPHPy,0.5424683096727316
k0eeWvWBD,0.35014865334793815
fo9U2QjN2t,0.67236572863752
vuXgijpIg,0.384373529928993
fmT904TjDcsE,0.6256987563141064
rQInjjREosu,0.33757586993417854
w_JvQuPvO6_Goqs,0.6535561071352488
iLzKpKGGrSvlh,0.305769766560034
l7AyNLcqXS85hCp,0.6115984803940865
wizae58MiTmGe,0.41604952992332556
qtQmgAdMbsnDNB,0.5900346154576106
lYUYC0uJF19Ka,0.4066195465220323
nWfN7yBL9vY,0.49019817486547834
qhV6DmemqXKprwU,0.41230553222385025
nINcNi304N,0.5053662837117366
tNkY83vbE,0.35410445492311016
sLwlzEVoQ2fv,0.4929688572778955
meYmBMa,0.4310166645412379
jtyblBelXcgIT85,0.5359657023858886
bwYxTvd6pj,0.2705141140973708
xAb8zbMHstS,0.4638706728849587
eHGzDKHpMI,0.37819807237711367
dnzfDT5wY1k5o8,0.6478727775294681
o4d_ZMCaPR669,0.36212683849343236
kxjmGxSdj3tHi,0.6308015945106162
dfHWc2_qwC3NDCK,0.4135932349770785
uJN3VC,0.6434511592307104
ddpLPfmBUhE8,0.3221283361137988
fzeWu51Q4QuVTla,0.5206100228873912
fvSIo2aurRj,0.3876000243140901
pyX35IIVQv,0.7079368037287787
dQVB6A9h0_KryR,0.4660828319128735
r7Vy_BthlVa,0.559252754958984
g9_OxarnRqOAUn,0.41770816590621845
ggTTeHtNw,0.6289301669403656
vl0z1u62IL7Ncl,0.4554961651605593
cMTZSE9okk6j,0.6633571134027304
cVMSpkU44YuFaiO,0.34619169537617767
eXJsfS4am8,0.6387809606613201
fK2wqVJGT54gvuS,0.37490820449049767
g_7Cf1tdhiKEw,0.5095478871811593
ijar9VeLK4,0.46334926879669924
pUprG6dM1MR28N,0.6641118974809971
cD1ky1p0WKII,0.2529451175851183
lidbdt,0.6262012092726168
hZJVerES,0.4343291731769172
hCX3ND,0.5457808246868534
brLupKkBSjAvYfj,0.4249593404926074
bAkRNyg7Fceb,0.7009068666722086
hfchSKPX25emwy,0.3679074173345805
v3nE3bWaUq,0.6375230676453795
hAYtV3a,0.504265515648028
kjBLh4vEyTTkaJI,0.5522934085402437
h6uymsrX6mbFlh,0.4125718887871657
ioY8SXeZ4O,0.5644468463493009
gs0oICfYwquGoVz,0.3148187965022722
JYCWB2ej5lrw,0.6225711269752717
f5ndxWrZKIE,0.46618173297450755
k2A8t8IGuXAQg,0.6428535659872644
wVyVdyXBJi1s,0.4415037734195104
rvmqAcBd6rBPmv,0.49862783136470257
rqH6uvD9RGX,0.3888171348726705
efcONMPzgk9hV_z,0.5620719763130468
szH3rmr6ysC,0.4130730753240322
oe2Lc97,0.6067418854489202
dMRTIPTVKC0FRR,0.3962613119169736
p7eTalN7koz,0.5345371640531763
fFRVeo1I,0.41172451105036806
dFJ7PnU,0.5428725345620128
oHuBNnwz,0.4361538528522115
nhcJCpQck,0.6218058181785939
jpA80RCT8ljL9e,0.3471014415672149
j33ihpdbJfzq,0.5254736284117398
gdcPCRZS1KRaNEl,0.44821182134145776
jKh48a2sGpRjq9w,0.6572682813879115
dybfWfXJkjMWp6m,0.3616099961094534
mb87K0Eu,0.46035876864564934
cHVnuIJXPd3,0.4064053363402124
vCHJ0rxd67g4n,0.6695702900783169
x5SMTJGkkeDi,0.45568698679386493
wnkxDbh7vs,0.565507523339427
xyYqXBEp0k,0.3451214988506208
cKpMlHgzd5JF,0.5208915025316179
cAX9NIcworqhMwk,0.48098068037435915
neXKBk6SLTROsGY,0.5188527682926982
l4LbQ_rAPqo2wp,0.3534055964399265
leAuT8UVoh,0.5760159197648347
lkVUsvC,0.4495972296765409
iQUdHRtlB2aDAaa,0.6501472780590863
pFa_fJWIYmn26,0.48764998194482934
gKZLwiSdGbry7Bu,0.5560880876013289
qhFO5DM8,0.35870126556595006
qCWDGt1jTJKy,0.6424565742898825
lStXf77DFFOqMd3,0.2965993099792367
dbIgDrjqsiBH7PT,0.5771290372556206
rrHJMC,0.3547810693374215
pcGQnQhVkvlw,0.6951807229311208
SZVNvirefQ,0.4293573673797814
uDoxDKkYcHtYqDP,0.6159072373754254
f5Q6F6wbjkS7eB,0.426010846709111
bz1PWe6KVzo_,0.5673619717010063
wvYJS,0.4726630320984432
qfMgVgNMKi8,0.5325248261253348
rm8V3WUBLNPcNd,0.32227369437081915
vLip1w96w,0.6321944933437827
ldLp3tX6WwVoYA,0.31834816820541956
kNoQsElQpQf_RYl,0.6528399219397482
bRahtGwx06RIgV,0.4372121599177825
vb0ehNa03FWhOZ,0.6926687746384901
sDsjR2Vs,0.49072971515442415
s3eg4rQM0hUjI5,0.695423301403641
duTyIJwiyzO,0.2975546528228164
usnrPoAY7EtidZb,0.6977667917479413
gEnjmX,0.4550778585509559
xVhkxgncICyjq2G,0.48774988125665353
kOLV4M,0.3919358118705324
ntS__KSkdt,0.5481801077291754
xw557gPj,0.3804046308445961
bc2JTIhYY,0.6815311178347642
qlKI02RO5,0.30790339900417807
mwt9IvKkgihyVg,0.6283133134872917
o_2CP5H6tSIq,0.3651054496164545
ww8iMNDT_,0.7127655126019072
iwmsilgt0,0.4418988548682852
qgzfcSjr2V7C7XW,0.5661336022040296
fAa1yL,0.37508286276047914
sSUxiobquj5z,0.5915389004779745
r9cvqC_bCK,0.4776314498371261
ctt9wSzU,0.6753606210366424
koANc79xbaU,0.34978568604378274
eStcdoaCX0edZEn,0.6468942929528058
dSbrVC1yK1,0.33973102163290037
x7SBHD9X1eHlJ,0.6278744871619507
scEm_uvwbKCo8b,0.3957129644624075
rDE4VBM1KSBgNog,0.5934942200964627
ibTZjZXzX,0.3160242289662911
wFTXq0A_7dlI,0.5339184649253301
qr7E3hhIRDA,0.5188515600282989
vth60A9DZpITQwF,0.6688317745180358
xiVQl71NdsN,0.39006474143011577
qEjqrtfo6__TzlC,0.7322445893758411
q6BmRqY8,0.5229129973774026
hxhuC,0.6713695140143502
oKnBkyygjJeT4OZ,0.36220151363808306
kwHvh5kx1gxCsxt,0.6569568425479173
iM_uxYt,0.38110718180303677
n2NtPc9V60N43pn,0.5805603339054201
uclv3vj26Htvx,0.40925646820300404
cSNLPluX9b,0.6185239437218568
tEiy9TJHjW3,0.4393436749043043
hXK1u_iX,0.6217372532780845
v_CYAAKqoA,0.4373058766747445
l2lUKGt,0.5419912604561172
kJOrxGDpuWsjI,0.3748566633810262
hicLarOMuOlI_,0.6502325730295405
t_Q4earc4mshOH,0.319237305293929
wpHaf0yStnI,0.5333317329525515
bebChK7PskxB,0.4230509475003521
rCjuqQvpZLHx,0.6355402316250094
tFtBExRJBk,0.4430919085699117
ikiFPHMmtaGdLW,0.6851155044107189
fGlr0YAbXbu7,0.2976715222560462
fa3GwVtFA4b,0.6569381872827559
mOELHlQ4gFwNOEt,0.3201177051744796
g3jE7iCVr,0.6149852658355904
m4BlcVeCGQo,0.469784371523789
iWpBhtqZOjD_0dp,0.7439923325258154
ge9ua7b,0.4443384846274235
t91GK,0.5763342264258824
oiUjFDYis,0.30447292328323644
b0GiwFwd_DE6,0.6391053785265337
bgfywlOA6,0.5378574451840513
czRPoHX3E_B3,0.5506097647296737
jfiiez8DlFjqifd,0.30094244602558734
fE28aNayZ3KZ2,0.5701235406542323
xlqXUr9VIFwMh,0.3734190261524826
o01Bk7QsMt4Ou7f,0.685028310047509
d2PJ4eiYZ,0.3597495748519631
