qx4t_VX,0.5009712625968668
lqUk0B5gSO7xhrB,0.4144500799174734
k1SRruhluiyxrCz,0.6523174636091236
pfNV4m9ZJyKG,0.440372975263765
cF6s51G2P47S,0.6629627655867165
f2qgfAlnfxiB7qN,0.4312410746696257
jqU4TUUPEu,0.46598254217761337
jq_clN3FEX,0.3746529690848616
mZtJDzlu_cOra2,0.6744263817003705
fsW5dXZGGIQEs0,0.30238146829814555
l1EluZVQ5W74Rtk,0.6645058251474346
cksHQYVrFx,0.4695484604675197
caLFQL2FEUZ,0.6198023853307011
jVHKJGZ,0.5314593756493005
xyUJSebBNSu,0.7325206143758934
7VbnLI9dA,0.37078999896348963
kseppzcENc8pfy,0.6374754185106896
rkaQSdk_xTqaz1,0.4220496826168881
nj4TXaS6Zkcl7X,0.566059988889364
g4UG1YQEnmo,0.41895368000836936
FFGCSVhmpAbS1JS,0.5986174532076483
xY_hl3ftgFJ6,0.38523966117322317
n0Wd1LVPb,0.59477090424419
sq24HfcN3u,0.5292567976234125
kABBqs5cM25,0.6160212463055214
oWgvq_17Z,0.3941375022850747
dSTN2xwatF5Txs0,0.6209067763802634
uVsKRmP4jDp,0.34469700109541207
qLaMChw1e,0.5075037223726329
dg39qWQ0x8bYHtr,0.35880757693863036
l5TUbzeWJ3Y5,0.5194459896368968
wrCJ0vrCrn5S5C,0.384303737076142
_UqnfSjiEX,0.6330131798231822
o96a5AxEzogl8p,0.30926521948785013
dX2JIpS5Wjevq,0.7097130094917785
rJfaWxNGeU,0.3448523214411466
kBszzoYUVMl,0.6108781903683073
p4YAU5efy,0.38981797876763147
m_7_ghXxwtnJ,0.6763721953978414
r6BNc5VJDHLco8D,0.32388527112172716
eKzjEwUj0h,0.5126536038272802
pU4SxhlN6,0.45627605684030575
hFAPzG5Bmiz,0.68177262312945
nxLPgTw2lg,0.3493541532993051
bnAa0F2Y5VRG4,0.47657461977313725
g336FaT2YhXw,0.32959552602174147
Ro3m1WbZfOyGi,0.5628874115663046
iQAEvwou6mB,0.4200260449952476
oqg9mdTD9WnS,0.4961395167176235
k2dEdXL,0.2771959579088016
tKjCAHusd9,0.5000231428282156
v5Ct2qy5iTwzgeM,0.4078357403833832
folDdnr,0.5203873568328133
wykBSRFBt,0.37425394821196195
xRmLtYAYJ5,0.6420319225693483
u98bUzGHLXgXO4S,0.48593400926810765
mIS9QmnxTykHnkS,0.5975357516470564
lcbgxhwH,0.47014365796710467
sCMvPIvmtBW3,0.6879041123943259
jyzUXkRYN,0.44454398303275583
7_kg7BsyyTy8,0.4986787973425252
r5KBXKHgz4A,0.41931673206268844
ntPzsU7V,0.5351427970459209
tXiQomcH64W3,0.38197714596298815
b8QbCYl,0.5571156461595027
hzOAn1MqNd,0.4125204385249195
pCMjram,0.6641042877813288
jNrMqx8XNTHm5K,0.313234167903937
n4FRyH4lcbEiHVM,0.5560674764296182
bLGuM9uvR3Ogqo4,0.45038523759061483
jw09IIGPHPy,0.5196584389600762
k0eeWvWBD,0.3392624519155682
fo9U2QjN2t,0.6794056923322378
vuXgijpIg,0.397168534441864
fmT904TjDcsE,0.6469225550936125
rQInjjREosu,0.3429950265192252
w_JvQuPvO6_Goqs,0.6427334846384049
iLzKpKGGrSvlh,0.2961161463994049
l7AyNLcqXS85hCp,0.6155594836077607
wizae58MiTmGe,0.39850746009426813
qtQmgAdMbsnDNB,0.6152940946569107
lYUYC0uJF19Ka,0.3701489445593313
nWfN7yBL9vY,0.4983822498438226
qhV6DmemqXKprwU,0.4114876642768575
nINcNi304N,0.5051864463386398
tNkY83vbE,0.36476195665476374
sLwlzEVoQ2fv,0.48995791809578615
meYmBMa,0.42588064449460145
jtyblBelXcgIT85,0.5306745822957052
bwYxTvd6pj,0.29627511593818834
xAb8zbMHstS,0.44014485362044375
eHGzDKHpMI,0.36999068014757197
dnzfDT5wY1k5o8,0.6558268762184708
o4d_ZMCaPR669,0.3462297434327239
kxjmGxSdj3tHi,0.6192200546280714
dfHWc2_qwC3NDCK,0.3932025534317316
uJN3VC,0.6236172408762208
ddpLPfmBUhE8,0.3057717941290735
fzeWu51Q4QuVTla,0.5045872436554238
fvSIo2aurRj,0.39479660452405096
pyX35IIVQv,0.7119845838844678
dQVB6A9h0_KryR,0.4630443464633939
r7Vy_BthlVa,0.5359024516560844
g9_OxarnRqOAUn,0.4127466193719291
ggTTeHtNw,0.5961430580953986
vl0z1u62IL7Ncl,0.43788046409885306
cMTZSE9okk6j,0.65924959820911
cVMSpkU44YuFaiO,0.338635985877746
eXJsfS4am8,0.6524908070822518
fK2wqVJGT54gvuS,0.40483208185743963
g_7Cf1tdhiKEw,0.5073390944072951
ijar9VeLK4,0.4515002162124346
pUprG6dM1MR28N,0.6751628338579283
cD1ky1p0WKII,0.24182033190170701
lidbdt,0.6351136879261089
hZJVerES,0.44254266720776086
hCX3ND,0.5460366581104942
brLupKkBSjAvYfj,0.4053939588934049
bAkRNyg7Fceb,0.7020174243958147
hfchSKPX25emwy,0.370347112263175
v3nE3bWaUq,0.6352088677736732
hAYtV3a,0.4860968656425869
kjBLh4vEyTTkaJI,0.5549028821864089
h6uymsrX6mbFlh,0.4225563009180553
ioY8SXeZ4O,0.5730069561347887
gs0oICfYwquGoVz,0.301248827824532
JYCWB2ej5lrw,0.61969170889281
f5ndxWrZKIE,0.4569956948555799
k2A8t8IGuXAQg,0.6135572901637402
wVyVdyXBJi1s,0.4363960618357828
rvmqAcBd6rBPmv,0.4862327781985128
rqH6uvD9RGX,0.39117362054705135
efcONMPzgk9hV_z,0.5673372585933372
szH3rmr6ysC,0.4132182441322809
oe2Lc97,0.6124479757412474
dMRTIPTVKC0FRR,0.382870687145481
p7eTalN7koz,0.503927653595612
fFRVeo1I,0.43315249719463433
dFJ7PnU,0.5505050537952286
oHuBNnwz,0.4341416338223037
nhcJCpQck,0.6222533136147889
jpA80RCT8ljL9e,0.35532217067245475
j33ihpdbJfzq,0.5272847100763015
gdcPCRZS1KRaNEl,0.4538760631061855
jKh48a2sGpRjq9w,0.6594658692706545
dybfWfXJkjMWp6m,0.34597839160968025
mb87K0Eu,0.45625071696105646
cHVnuIJXPd3,0.4050313184734363
vCHJ0rxd67g4n,0.6777307018185409
x5SMTJGkkeDi,0.4541881565876623
wnkxDbh7vs,0.5444435258864202
xyYqXBEp0k,0.33608999990638405
cKpMlHgzd5JF,0.5139785784847383
cAX9NIcworqhMwk,0.47681522827354966
neXKBk6SLTROsGY,0.5061629239455381
l4LbQ_rAPqo2wp,0.38368558608193976
leAuT8UVoh,0.5846981335863551
lkVUsvC,0.4478396879255378
iQUdHRtlB2aDAaa,0.6403790565617862
pFa_fJWIYmn26,0.46304128303918246
gKZLwiSdGbry7Bu,0.5718963305550754
qhFO5DM8,0.36231414521049443
qCWDGt1jTJKy,0.63949517949797
lStXf77DFFOqMd3,0.2952529780251013
dbIgDrjqsiBH7PT,0.5874324451057249
rrHJMC,0.3654433521110981
pcGQnQhVkvlw,0.6820131619201493
SZVNvirefQ,0.4153421028781649
uDoxDKkYcHtYqDP,0.6131619121773602
f5Q6F6wbjkS7eB,0.43373086749032697
bz1PWe6KVzo_,0.5791276134847652
wvYJS,0.4666347201561061
qfMgVgNMKi8,0.517473641010635
rm8V3WUBLNPcNd,0.33101977468581606
vLip1w96w,0.6311414221594351
ldLp3tX6WwVoYA,0.3196113580978089
kNoQsElQpQf_RYl,0.651784060288653
bRahtGwx06RIgV,0.44763417283873635
vb0ehNa03FWhOZ,0.691549001589084
sDsjR2Vs,0.4883950189112532
s3eg4rQM0hUjI5,0.706534117256153
duTyIJwiyzO,0.2996957675474059
usnrPoAY7EtidZb,0.7020863010125138
gEnjmX,0.4740481154973197
xVhkxgncICyjq2G,0.49806159683076234
kOLV4M,0.3826901453927247
ntS__KSkdt,0.5449205009053519
xw557gPj,0.37494092958077635
bc2JTIhYY,0.6838427010189015
qlKI02RO5,0.30142127357690135
mwt9IvKkgihyVg,0.634671462459092
o_2CP5H6tSIq,0.36018304194631084
ww8iMNDT_,0.6973149740751086
iwmsilgt0,0.43151497759820145
qgzfcSjr2V7C7XW,0.5665040374170691
fAa1yL,0.3571583461842883
sSUxiobquj5z,0.5883508277128054
r9cvqC_bCK,0.4667218240700015
ctt9wSzU,0.6614087323645595
koANc79xbaU,0.37437937066693394
eStcdoaCX0edZEn,0.6547802150382169
dSbrVC1yK1,0.34672180957120735
x7SBHD9X1eHlJ,0.6346797740145942
scEm_uvwbKCo8b,0.38942298842889583
rDE4VBM1KSBgNog,0.6011026662729915
ibTZjZXzX,0.310892769794569
wFTXq0A_7dlI,0.5300213882188054
qr7E3hhIRDA,0.5115178970643836
vth60A9DZpITQwF,0.6624371801573707
xiVQl71NdsN,0.40993527810933267
qEjqrtfo6__TzlC,0.7508402117622881
q6BmRqY8,0.5008709454462661
hxhuC,0.6436286562009607
oKnBkyygjJeT4OZ,0.36430957105508704
kwHvh5kx1gxCsxt,0.6600301875908037
iM_uxYt,0.3777211484427802
n2NtPc9V60N43pn,0.5570815942218325
uclv3vj26Htvx,0.41480764678882864
cSNLPluX9b,0.6105624302953256
tEiy9TJHjW3,0.43819417092984114
hXK1u_iX,0.6210479085411579
v_CYAAKqoA,0.44723837352171636
l2lUKGt,0.5415607373432941
kJOrxGDpuWsjI,0.37699366832702175
eFkbfv5Wsu,0.5232722489487852
jtTIHLIvgGACAOL,0.34549367000852826
uPhLdbgaOUK,0.6318998002160914
veWx,0.49951852609745023
tiP6DJB7jKZYQ4K,0.7142433263400442
rTAtdSKpn0ibs,0.3711173915517851
ll4cOgXjKVU,0.6618687881106337
qq17HLnA,0.4584504237937965
ivohGrJy0rBBNh,0.6491014646135094
oFzVcyImHcHmCci,0.47614957525356416
qKpbtTNwXk_Ly,0.7055325239657526
xXLQ_F27UU8XEM,0.4311896709479955
ruQ6EDoSy7tKwr,0.655085597655882
RtswG0wspvBoC,0.41795745732187506
nP4Ww2qQd,0.602682939058628
eEfme1LGf2z,0.3967792267689908
HRl8jtY6xwI,0.7401947325754408
q659DpeVQKNpP,0.3522555868970342
cvkdwkXe8,0.527831323727225
wf8lU7nil9B_,0.40209056371291807
xh8Csv8C,0.5586264947540497
dRKq_MPXqfR3u0,0.3643042763939201
qwtg184xmOxmeMj,0.7474042713189589
uYicBamGKrn,0.40298278510238283
urXbj7,0.634032855509216
I4iWXQ_UD,0.34405498943780494
